código,areaBasica,areaAvaliacao,situação,cidade,mestrado,nota,situacaoMestrado,doutorado,codigoMestrado,situacaoDoutorado,notaMestrado,codigoDoutorado,cep,início,universidade
11001011001P8,CIÊNCIAS BIOLÓGICAS,BIODIVERSIDADE,EM FUNCIONAMENTO,Rio Branco,ECOLOGIA E MANEJO DE  RECURSOS NATURAIS,3,EM FUNCIONAMENTO,Não,11001011001M8,,3,,69920900,1996,UNIVERSIDADE FEDERAL DO ACRE
31017010006P6,MULTIDISCIPLINAR,INTERDISCIPLINAR,EM FUNCIONAMENTO,Rio de Janeiro,PROGRAMA DE PÓS-GRADUAÇÃO EM DESENVOLVIMENTO E PERIFERIAS,A,EM PROJETO,Não,31017010006F9,,A,,22231040,2025,UNIVERSIDADE SANTA ÚRSULA
25003011078P2,CIÊNCIAS HUMANAS,CIÊNCIA POLÍTICA E RELAÇÕES INTERNACIONAIS,EM FUNCIONAMENTO,Recife,POLÍTICAS PÚBLICAS E DESENVOLVIMENTO,A,EM FUNCIONAMENTO,Não,25003011078M2,,A,,52171900,2025,DIRETORIA DE FORMAÇÃO E DESENVOLVIMENTO PROFISSIONAL
12001015003P3,CIÊNCIAS AGRÁRIAS,CIÊNCIAS AGRÁRIAS I,EM FUNCIONAMENTO,Manaus,AGRONOMIA TROPICAL,4,EM FUNCIONAMENTO,AGRONOMIA TROPICAL,12001015003M3,EM FUNCIONAMENTO,4,12001015003D4,69077000,1995,UNIVERSIDADE FEDERAL DO AMAZONAS
12008010002P5,CIÊNCIAS SOCIAIS APLICADAS,DIREITO,EM FUNCIONAMENTO,Manaus,DIREITO AMBIENTAL,4,EM FUNCIONAMENTO,DOUTORADO EM DIREITO AMBIENTAL,12008010002M5,EM PROJETO,4,12008010002D6,69010973,2003,UNIVERSIDADE DO ESTADO DO AMAZONAS
15001016003P1,CIÊNCIAS SOCIAIS APLICADAS,DIREITO,EM FUNCIONAMENTO,Belém,DIREITO,5,EM FUNCIONAMENTO,DIREITO,15001016003M1,EM FUNCIONAMENTO,5,15001016003D2,66075110,1984,UNIVERSIDADE FEDERAL DO PARÁ
15001016027P8,MULTIDISCIPLINAR,INTERDISCIPLINAR,EM FUNCIONAMENTO,Belém,AGRICULTURAS FAMILIARES E DESENVOLVIMENTO SUSTENTÁVEL,5,EM FUNCIONAMENTO,AGRICULTURAS FAMILIARES E DESENVOLVIMENTO SUSTENTÁVEL,15001016027M8,EM FUNCIONAMENTO,5,15001016027D9,66075110,2000,UNIVERSIDADE FEDERAL DO PARÁ
23001011024P1,CIÊNCIAS SOCIAIS APLICADAS,"ARQUITETURA, URBANISMO E DESIGN",EM FUNCIONAMENTO,Natal,ARQUITETURA E URBANISMO,5,EM FUNCIONAMENTO,ARQUITETURA E URBANISMO,23001011024M1,EM FUNCIONAMENTO,5,23001011024D2,59078970,1999,UNIVERSIDADE FEDERAL DO RIO GRANDE DO NORTE
23001011035P3,CIÊNCIAS BIOLÓGICAS,CIÊNCIAS BIOLÓGICAS I,EM FUNCIONAMENTO,Natal,CIÊNCIAS BIOLÓGICAS,3,EM FUNCIONAMENTO,Não,23001011035M3,,3,,59078970,2004,UNIVERSIDADE FEDERAL DO RIO GRANDE DO NORTE
25001019023P0,CIÊNCIAS DA SAÚDE,MEDICINA III,EM FUNCIONAMENTO,Recife,CIRURGIA,3,EM FUNCIONAMENTO,CIRURGIA,25001019023M0,EM DESATIVACAO,3,25001019023D1,50670901,1973,UNIVERSIDADE FEDERAL DE PERNAMBUCO
25001019036P5,CIÊNCIAS EXATAS E DA TERRA,QUÍMICA,EM FUNCIONAMENTO,Recife,QUÍMICA,5,EM FUNCIONAMENTO,QUÍMICA,25001019036M5,EM FUNCIONAMENTO,5,25001019036D6,50670901,1989,UNIVERSIDADE FEDERAL DE PERNAMBUCO
10001018040P0,MULTIDISCIPLINAR,ENSINO,EM FUNCIONAMENTO,Rolim de Moura,ENSINO DE CIÊNCIAS DA NATUREZA,3,EM FUNCIONAMENTO,Não,10001018040M0,,3,,76940000,2017,UNIVERSIDADE FEDERAL DE RONDÔNIA
25002015009P4,CIÊNCIAS HUMANAS,HISTÓRIA,EM FUNCIONAMENTO,Recife,HISTÓRIA,3,EM FUNCIONAMENTO,Não,25002015009F7,,3,,50050900,2017,UNIVERSIDADE CATÓLICA DE PERNAMBUCO
24009016172P4,CIÊNCIAS SOCIAIS APLICADAS,"ADMINISTRAÇÃO PÚBLICA E DE EMPRESAS, CIÊNCIAS CONTÁBEIS E TURISMO",EM FUNCIONAMENTO,Campina Grande,ADMINISTRAÇÃO,3,EM FUNCIONAMENTO,Não,24009016172M4,,3,,58429900,2018,UNIVERSIDADE FEDERAL DE CAMPINA GRANDE
33014019008P5,CIÊNCIAS HUMANAS,CIÊNCIA POLÍTICA E RELAÇÕES INTERNACIONAIS,EM FUNCIONAMENTO,São Paulo,MESTRADO PROFISSIONAL EM RELAÇÕES INTERNACIONAIS (MPRI),A,EM FUNCIONAMENTO,Não,33014019008F8,,A,,01313902,2025,FUNDAÇÃO GETULIO VARGAS - SÃO PAULO
15001016035P0,CIÊNCIAS HUMANAS,EDUCAÇÃO,EM FUNCIONAMENTO,Belém,EDUCAÇÃO,5,EM FUNCIONAMENTO,EDUCAÇÃO,15001016035M0,EM FUNCIONAMENTO,5,15001016035D1,66075110,2003,UNIVERSIDADE FEDERAL DO PARÁ
15001016042P7,CIÊNCIAS HUMANAS,GEOGRAFIA,EM FUNCIONAMENTO,Belém,GEOGRAFIA,5,EM FUNCIONAMENTO,ORGANIZAÇÃO E GESTÃO DO TERRITÓRIO,15001016042M7,EM FUNCIONAMENTO,5,15001016042D8,66075110,2004,UNIVERSIDADE FEDERAL DO PARÁ
15001016040P4,CIÊNCIAS BIOLÓGICAS,CIÊNCIAS BIOLÓGICAS III,EM FUNCIONAMENTO,Belém,BIOLOGIA DE AGENTES INFECCIOSOS E PARASITÁRIOS,6,EM FUNCIONAMENTO,BIOLOGIA DE AGENTES INFECCIOSOS E PARASITÁRIOS,15001016040M4,EM FUNCIONAMENTO,6,15001016040D5,66075110,2004,UNIVERSIDADE FEDERAL DO PARÁ
21001014001P6,CIÊNCIAS HUMANAS,EDUCAÇÃO,EM FUNCIONAMENTO,Teresina,EDUCAÇÃO,5,EM FUNCIONAMENTO,Educação,21001014001M6,EM FUNCIONAMENTO,5,21001014001D7,64049550,1991,UNIVERSIDADE FEDERAL DO PIAUÍ
24009016004P4,ENGENHARIAS,ENGENHARIAS II,EM FUNCIONAMENTO,Campina Grande,ENGENHARIA QUÍMICA,4,EM FUNCIONAMENTO,ENGENHARIA QUÍMICA,24009016004M4,EM FUNCIONAMENTO,4,24009016004D5,58429900,1979,UNIVERSIDADE FEDERAL DE CAMPINA GRANDE
31025013004P2,CIÊNCIAS HUMANAS,PSICOLOGIA,EM FUNCIONAMENTO,Niterói,PSICOLOGIA,5,EM FUNCIONAMENTO,Psicologia,31025013004M2,EM FUNCIONAMENTO,5,31025013004D3,24030060,2006,UNIVERSIDADE SALGADO DE OLIVEIRA
25001019041P9,CIÊNCIAS BIOLÓGICAS,BIODIVERSIDADE,EM FUNCIONAMENTO,Recife,BIOLOGIA ANIMAL,6,EM FUNCIONAMENTO,BIOLOGIA ANIMAL,25001019041M9,EM FUNCIONAMENTO,6,25001019041D0,50670901,1994,UNIVERSIDADE FEDERAL DE PERNAMBUCO
25001019053P7,MULTIDISCIPLINAR,MATERIAIS,EM FUNCIONAMENTO,Recife,CIÊNCIA DE MATERIAIS,5,EM FUNCIONAMENTO,CIÊNCIA DE MATERIAIS,25001019053M7,EM FUNCIONAMENTO,5,25001019053D8,50740560,2001,UNIVERSIDADE FEDERAL DE PERNAMBUCO
33004072013P0,CIÊNCIAS HUMANAS,HISTÓRIA,EM FUNCIONAMENTO,Franca,HISTÓRIA,5,EM FUNCIONAMENTO,HISTÓRIA,33004072013M0,EM FUNCIONAMENTO,5,33004072013D0,14409160,1980,UNIVERSIDADE ESTADUAL PAULISTA JÚLIO DE MESQUITA FILHO - CAMPUS FRANCA
33004102070P6,CIÊNCIAS AGRÁRIAS,CIÊNCIAS AGRÁRIAS I,EM FUNCIONAMENTO,Jaboticabal,MICROBIOLOGIA AGROPECUÁRIA,6,EM FUNCIONAMENTO,MICROBIOLOGIA AGROPECUÁRIA,33004102070M6,EM FUNCIONAMENTO,6,33004102070D7,14884900,1996,UNIVERSIDADE ESTADUAL PAULISTA JÚLIO DE MESQUITA FILHO - CAMPUS JABOTICABAL
33004153072P6,CIÊNCIAS BIOLÓGICAS,BIODIVERSIDADE,EM FUNCIONAMENTO,São José do Rio Preto,Biodiversidade,5,EM FUNCIONAMENTO,Biodiversidade,33004153072M6,EM FUNCIONAMENTO,5,33004153072D7,15054000,2002,UNIVERSIDADE ESTADUAL PAULISTA JÚLIO DE MESQUITA FILHO - CAMPUS SÃO JOSÉ DO RIO PRETO
33052018002P1,CIÊNCIAS DA SAÚDE,ODONTOLOGIA,EM DESATIVACAO,São Paulo,Odontologia,3,EM DESATIVACAO,Não,33052018002F4,,3,,03071000,1999,UNIVERSIDADE CIDADE DE SÃO PAULO
33120013001P4,CIÊNCIAS BIOLÓGICAS,BIODIVERSIDADE,EM FUNCIONAMENTO,São Paulo,BIODIVERSIDADE VEGETAL E MEIO AMBIENTE,5,EM FUNCIONAMENTO,BIODIVERSIDADE VEGETAL E MEIO AMBIENTE,33120013001M4,EM FUNCIONAMENTO,5,33120013001D5,01061970,2002,INSTITUTO DE PESQUISAS AMBIENTAIS
40001016018P0,CIÊNCIAS DA SAÚDE,MEDICINA III,EM FUNCIONAMENTO,Curitiba,MEDICINA (CLÍNICA CIRÚRGICA),4,EM FUNCIONAMENTO,MEDICINA (CLÍNICA CIRÚRGICA),40001016018M0,EM FUNCIONAMENTO,4,40001016018D0,80060900,1983,UNIVERSIDADE FEDERAL DO PARANÁ
40001016034P5,CIÊNCIAS EXATAS E DA TERRA,COMPUTAÇÃO,EM FUNCIONAMENTO,Curitiba,INFORMÁTICA,6,EM FUNCIONAMENTO,Ciência da Computação,40001016034M5,EM FUNCIONAMENTO,6,40001016034D6,81531980,1996,UNIVERSIDADE FEDERAL DO PARANÁ
40002012020P0,CIÊNCIAS SOCIAIS APLICADAS,SERVIÇO SOCIAL,EM FUNCIONAMENTO,Londrina,SERVIÇO SOCIAL E POLÍTICA SOCIAL,4,EM FUNCIONAMENTO,SERVIÇO SOCIAL E POLÍTICA SOCIAL,40002012020M0,EM FUNCIONAMENTO,4,40002012020D1,86057970,2001,UNIVERSIDADE ESTADUAL DE LONDRINA
40002012023P0,MULTIDISCIPLINAR,BIOTECNOLOGIA,EM FUNCIONAMENTO,Londrina,BIOTECNOLOGIA,6,EM FUNCIONAMENTO,Biotecnologia,40002012023M0,EM FUNCIONAMENTO,6,40002012023D0,86051990,2001,UNIVERSIDADE ESTADUAL DE LONDRINA
41015010001P0,MULTIDISCIPLINAR,CIÊNCIAS AMBIENTAIS,EM FUNCIONAMENTO,Criciúma,CIÊNCIAS AMBIENTAIS,5,EM FUNCIONAMENTO,Ciências Ambientais,41015010001M0,EM FUNCIONAMENTO,5,41015010001D0,88806000,2001,UNIVERSIDADE DO EXTREMO SUL CATARINENSE
42001013018P5,CIÊNCIAS DA SAÚDE,MEDICINA I,EM FUNCIONAMENTO,Porto Alegre,CIÊNCIAS EM GASTROENTEROLOGIA E HEPATOLOGIA,4,EM FUNCIONAMENTO,CIÊNCIAS EM GASTROENTEROLOGIA E HEPATOLOGIA,42001013018M5,EM FUNCIONAMENTO,4,42001013018D6,90035003,1972,UNIVERSIDADE FEDERAL DO RIO GRANDE DO SUL
42001013042P3,CIÊNCIAS SOCIAIS APLICADAS,DIREITO,EM FUNCIONAMENTO,Porto Alegre,DIREITO,6,EM FUNCIONAMENTO,DIREITO,42001013042M3,EM FUNCIONAMENTO,6,42001013042D4,90040000,1985,UNIVERSIDADE FEDERAL DO RIO GRANDE DO SUL
42001013056P4,MULTIDISCIPLINAR,MATERIAIS,EM FUNCIONAMENTO,Porto Alegre,CIÊNCIAS DOS MATERIAIS,6,EM FUNCIONAMENTO,CIÊNCIAS DOS MATERIAIS,42001013056M4,EM FUNCIONAMENTO,6,42001013056D5,91501970,1992,UNIVERSIDADE FEDERAL DO RIO GRANDE DO SUL
42001013062P4,CIÊNCIAS SOCIAIS APLICADAS,COMUNICAÇÃO E INFORMAÇÃO E MUSEOLOGIA,EM FUNCIONAMENTO,Porto Alegre,COMUNICAÇÃO E INFORMAÇÃO,5,EM FUNCIONAMENTO,COMUNICAÇÃO E INFORMAÇÃO,42001013062M4,EM FUNCIONAMENTO,5,42001013062D5,90050170,1995,UNIVERSIDADE FEDERAL DO RIO GRANDE DO SUL
42001013074P2,CIÊNCIAS DA SAÚDE,SAÚDE COLETIVA,EM FUNCIONAMENTO,Porto Alegre,EPIDEMIOLOGIA,6,EM FUNCIONAMENTO,EPIDEMIOLOGIA,42001013074M2,EM FUNCIONAMENTO,6,42001013074D3,90650003,1999,UNIVERSIDADE FEDERAL DO RIO GRANDE DO SUL
42005019029P2,CIÊNCIAS BIOLÓGICAS,CIÊNCIAS BIOLÓGICAS I,EM FUNCIONAMENTO,Porto Alegre,BIOLOGIA CELULAR E MOLECULAR,6,EM FUNCIONAMENTO,BIOLOGIA CELULAR E MOLECULAR,42005019029M2,EM FUNCIONAMENTO,6,42005019029D3,90619900,2003,PONTIFÍCIA UNIVERSIDADE CATÓLICA DO RIO GRANDE DO SUL
42007011013P1,"LINGÜÍSTICA, LETRAS E ARTES",LINGUíSTICA E LITERATURA,EM DESATIVACAO,São Leopoldo,LINGÜÍSTICA APLICADA,6,EM DESATIVACAO,Lingüística Aplicada,42007011013M1,EM DESATIVACAO,6,42007011013D2,93022000,2000,UNIVERSIDADE DO VALE DO RIO DOS SINOS
32014015001P8,CIÊNCIAS AGRÁRIAS,CIÊNCIAS AGRÁRIAS I,EM FUNCIONAMENTO,Janaúba,PRODUÇÃO VEGETAL NO SEMIÁRIDO,4,EM FUNCIONAMENTO,Produção Vegetal no Semiárido,32014015001M8,EM FUNCIONAMENTO,4,32014015001D9,39448581,2006,UNIVERSIDADE ESTADUAL DE MONTES CLAROS
42002010033P4,MULTIDISCIPLINAR,INTERDISCIPLINAR,EM FUNCIONAMENTO,Santa Maria,PATRIMÔNIO CULTURAL,3,EM FUNCIONAMENTO,Não,42002010033F7,,3,,97105900,2008,UNIVERSIDADE FEDERAL DE SANTA MARIA
25019015001P0,CIÊNCIAS EXATAS E DA TERRA,COMPUTAÇÃO,EM FUNCIONAMENTO,Recife,ENGENHARIA DE SOFTWARE,4,EM FUNCIONAMENTO,ENGENHARIA DE SOFTWARE,25019015001F2,EM FUNCIONAMENTO,4,25019015001R6,50030390,2007,FACULDADE CESAR
40014010004P0,CIÊNCIAS AGRÁRIAS,CIÊNCIAS AGRÁRIAS I,EM FUNCIONAMENTO,Irati,CIÊNCIAS FLORESTAIS,4,EM FUNCIONAMENTO,Ciências Florestais,40014010004M0,EM FUNCIONAMENTO,4,40014010004D0,84500000,2007,UNIVERSIDADE ESTADUAL DO CENTRO-OESTE
33027013003P4,ENGENHARIAS,ENGENHARIAS III,EM FUNCIONAMENTO,São Bernardo do Campo,ENGENHARIA MECÂNICA,3,EM FUNCIONAMENTO,Não,33027013003M4,,3,,09850901,2007,CENTRO UNIVERSITÁRIO DA FUNDAÇÃO EDUCACIONAL INACIANA PE SABÓIA DE MEDEIROS
32008015015P2,CIÊNCIAS SOCIAIS APLICADAS,"ADMINISTRAÇÃO PÚBLICA E DE EMPRESAS, CIÊNCIAS CONTÁBEIS E TURISMO",EM FUNCIONAMENTO,Belo Horizonte,ADMINISTRAÇÃO,5,EM FUNCIONAMENTO,ADMINISTRAÇÃO,32008015015M2,EM FUNCIONAMENTO,5,32008015015D3,30535901,2007,PONTIFÍCIA UNIVERSIDADE CATÓLICA DE MINAS GERAIS
28001010060P5,CIÊNCIAS DA SAÚDE,SAÚDE COLETIVA,EM FUNCIONAMENTO,Salvador,"SAÚDE, AMBIENTE E TRABALHO",4,EM FUNCIONAMENTO,"SAÚDE, AMBIENTE E TRABALHO",28001010060M5,EM FUNCIONAMENTO,4,28001010060D6,40026010,2007,UNIVERSIDADE FEDERAL DA BAHIA
31004016050P4,CIÊNCIAS DA SAÚDE,MEDICINA III,EM FUNCIONAMENTO,Rio de Janeiro,FISIOPATOLOGIA E CIÊNCIAS CIRÚRGICAS,5,EM FUNCIONAMENTO,FISIOPATOLOGIA E CIÊNCIAS CIRÚRGICAS,31004016050M4,EM FUNCIONAMENTO,5,31004016050D5,20550030,2006,UNIVERSIDADE DO ESTADO DO RIO DE JANEIRO
32007019013P3,ENGENHARIAS,ENGENHARIAS I,EM FUNCIONAMENTO,Ouro Preto,GEOTECNIA,4,EM FUNCIONAMENTO,GEOTECNIA,32007019013M3,EM FUNCIONAMENTO,4,32007019013D4,35400000,2007,UNIVERSIDADE FEDERAL DE OURO PRETO
42003016026P0,CIÊNCIAS DA SAÚDE,"EDUCAÇÃO FÍSICA, FISIOTERAPIA, FONOAUDIOLOGIA E TERAPIA OCUPACIONAL",EM FUNCIONAMENTO,Pelotas,EDUCAÇÃO FÍSICA,5,EM FUNCIONAMENTO,Educação Física,42003016026M0,EM FUNCIONAMENTO,5,42003016026D1,96010610,2007,UNIVERSIDADE FEDERAL DE PELOTAS
41004019004P0,CIÊNCIAS HUMANAS,EDUCAÇÃO,EM FUNCIONAMENTO,Joinville,Educação,4,EM FUNCIONAMENTO,EDUCAÇÃO,41004019004M0,EM FUNCIONAMENTO,4,41004019004D1,89219710,2011,UNIVERSIDADE DA REGIÃO DE JOINVILLE
24004014014P8,CIÊNCIAS DA SAÚDE,FARMÁCIA,EM FUNCIONAMENTO,Campina Grande,Ciências Farmacêuticas,3,EM FUNCIONAMENTO,Não,24004014014M8,,3,,59078970,2011,UNIVERSIDADE ESTADUAL DA PARAÍBA
26001012032P2,CIÊNCIAS HUMANAS,PSICOLOGIA,EM FUNCIONAMENTO,Maceió,Psicologia,4,EM FUNCIONAMENTO,PSICOLOGIA,26001012032M2,EM FUNCIONAMENTO,4,26001012032D3,57072900,2011,UNIVERSIDADE FEDERAL DE ALAGOAS
20001010025P0,CIÊNCIAS DA SAÚDE,ENFERMAGEM,EM FUNCIONAMENTO,São Luís,Enfermagem,3,EM FUNCIONAMENTO,Não,20001010025M0,,3,,65080805,2011,UNIVERSIDADE FEDERAL DO MARANHÃO
24001015061P7,MULTIDISCIPLINAR,MATERIAIS,EM FUNCIONAMENTO,João Pessoa,CIÊNCIA E ENGENHARIA DE MATERIAIS,5,EM FUNCIONAMENTO,CIÊNCIA E ENGENHARIA DE MATERIAIS,24001015061M7,EM FUNCIONAMENTO,5,24001015061D8,58051900,2011,UNIVERSIDADE FEDERAL DA PARAÍBA - CAMPUS JOÃO PESSOA
42002010052P9,CIÊNCIAS AGRÁRIAS,CIÊNCIAS AGRÁRIAS I,EM FUNCIONAMENTO,Frederico Westphalen,AGRONOMIA-AGRICULTURA E AMBIENTE,5,EM FUNCIONAMENTO,AGRONOMIA - AGRICULTURA E AMBIENTE,42002010052M9,EM FUNCIONAMENTO,5,42002010052D0,98400000,2011,UNIVERSIDADE FEDERAL DE SANTA MARIA
30014018001P2,CIÊNCIAS HUMANAS,CIÊNCIAS DA RELIGIÃO E TEOLOGIA,EM FUNCIONAMENTO,Vitória,CIÊNCIAS DAS RELIGIÕES,4,EM FUNCIONAMENTO,CIÊNCIAS DAS RELIGIÕES,30014018001F5,EM FUNCIONAMENTO,4,30014018001R9,29050670,2011,FACULDADE UNIDA DE VITÓRIA
24001040001P4,CIÊNCIAS BIOLÓGICAS,BIODIVERSIDADE,EM FUNCIONAMENTO,Rio Tinto,Ecologia e Sustentabilidade - Mestrado,4,EM FUNCIONAMENTO,Não,24001040001M4,,4,,58297000,2011,UNIVERSIDADE FEDERAL DA PARAÍBA - CAMPUS JOÃO PESSOA
31005012037P4,"LINGÜÍSTICA, LETRAS E ARTES",LINGUíSTICA E LITERATURA,EM FUNCIONAMENTO,Rio de Janeiro,ESTUDOS DA LINGUAGEM,6,EM FUNCIONAMENTO,ESTUDOS DA LINGUAGEM,31005012037M4,EM FUNCIONAMENTO,6,31005012037D5,22453900,2011,PONTIFÍCIA UNIVERSIDADE CATÓLICA DO RIO DE JANEIRO
33115028001P0,CIÊNCIAS DA SAÚDE,SAÚDE COLETIVA,EM FUNCIONAMENTO,São Paulo,SAÚDE COLETIVA,4,EM FUNCIONAMENTO,Não,33115028001F2,,4,,01246000,2011,SECRETARIA DE ESTADO DA SAÚDE DE SÃO PAULO - COORDENADORIA DE RECURSOS HUMANOS
32048017001P9,CIÊNCIAS AGRÁRIAS,CIÊNCIA DE ALIMENTOS,EM FUNCIONAMENTO,Uberaba,Ciência e Tecnologia de Alimentos,4,EM FUNCIONAMENTO,Não,32048017001F1,,4,,38064790,2011,UNIVERSIDADE DE SÃO PAULO - ESCOLA SUPERIOR DE AGRICULTURA LUIZ DE QUEIROZ
42046017005P0,CIÊNCIAS AGRÁRIAS,MEDICINA VETERINÁRIA,EM FUNCIONAMENTO,Bagé,Ciência Animal,4,EM FUNCIONAMENTO,CIÊNCIA ANIMAL,42046017005M0,EM FUNCIONAMENTO,4,42046017005D0,96400100,2011,UNIVERSIDADE FEDERAL DO PAMPA
40006018024P1,ENGENHARIAS,ENGENHARIAS III,EM FUNCIONAMENTO,Cornélio Procópio,Engenharia Mecânica,3,EM FUNCIONAMENTO,Não,40006018024M1,,3,,86300000,2013,UNIVERSIDADE TECNOLÓGICA FEDERAL DO PARANÁ
42008018015P0,MULTIDISCIPLINAR,ENSINO,EM FUNCIONAMENTO,Caxias do Sul,Ensino de Ciências e Matemática,5,EM FUNCIONAMENTO,Não,42008018015F3,,5,,95070560,2013,UNIVERSIDADE DE CAXIAS DO SUL
51001012037P5,CIÊNCIAS DA SAÚDE,SAÚDE COLETIVA,EM FUNCIONAMENTO,Campo Grande,SAÚDE DA FAMÍLIA,4,EM FUNCIONAMENTO,Não,51001012037F8,,4,,79074460,2013,UNIVERSIDADE FEDERAL DE MATO GROSSO DO SUL
52001016063P9,CIÊNCIAS HUMANAS,EDUCAÇÃO,EM DESATIVACAO,Jataí,Educação,3,EM DESATIVACAO,Não,52001016063M9,,3,,74001970,2013,UNIVERSIDADE FEDERAL DE GOIÁS
40014010010P0,MULTIDISCIPLINAR,INTERDISCIPLINAR,EM FUNCIONAMENTO,Irati,Desenvolvimento Comunitário,4,EM FUNCIONAMENTO,DESENVOLVIMENTO COMUNITÁRIO,40014010010M0,EM FUNCIONAMENTO,4,40014010010D0,84505677,2013,UNIVERSIDADE ESTADUAL DO CENTRO-OESTE
33024014028P8,CIÊNCIAS EXATAS E DA TERRA,GEOCIÊNCIAS,EM DESATIVACAO,São Paulo,Ciências e Aplicações Geoespaciais,4,EM DESATIVACAO,Ciências e Aplicações Geoespaciais,33024014028M8,EM DESATIVACAO,4,33024014028D9,01239000,2013,UNIVERSIDADE PRESBITERIANA MACKENZIE
51004011007P8,CIÊNCIAS AGRÁRIAS,CIÊNCIAS AGRÁRIAS I,EM FUNCIONAMENTO,Cassilândia,AGRONOMIA -Sustentabilidade na Agricultura,3,EM FUNCIONAMENTO,Não,51004011007M8,,3,,79540000,2013,UNIVERSIDADE ESTADUAL DE MATO GROSSO DO SUL
51001012038P1,CIÊNCIAS EXATAS E DA TERRA,COMPUTAÇÃO,EM FUNCIONAMENTO,Campo Grande,Computação Aplicada,3,EM FUNCIONAMENTO,Não,51001012038F4,,3,,79070900,2013,UNIVERSIDADE FEDERAL DE MATO GROSSO DO SUL
33002029053P1,CIÊNCIAS DA SAÚDE,"EDUCAÇÃO FÍSICA, FISIOTERAPIA, FONOAUDIOLOGIA E TERAPIA OCUPACIONAL",EM FUNCIONAMENTO,Ribeirão Preto,EDUCAÇÃO FÍSICA E ESPORTE,4,EM FUNCIONAMENTO,EDUCAÇÃO FÍSICA E ESPORTE,33002029053M1,EM FUNCIONAMENTO,4,33002029053D2,14040907,2016,UNIVERSIDADE DE SÃO PAULO - CAMPUS RIBEIRÃO PRETO
42009014015P7,MULTIDISCIPLINAR,CIÊNCIAS AMBIENTAIS,EM FUNCIONAMENTO,Passo Fundo,CIÊNCIAS AMBIENTAIS,3,EM FUNCIONAMENTO,Não,42009014015M7,,3,,99052900,2016,UNIVERSIDADE DE PASSO FUNDO
33006016017P5,MULTIDISCIPLINAR,INTERDISCIPLINAR,EM FUNCIONAMENTO,Campinas,SUSTENTABILIDADE,4,EM FUNCIONAMENTO,Não,33006016017M5,,4,,13087571,2016,PONTIFÍCIA UNIVERSIDADE CATÓLICA DE CAMPINAS
53005015003P4,CIÊNCIAS SOCIAIS APLICADAS,"ARQUITETURA, URBANISMO E DESIGN",EM FUNCIONAMENTO,Brasília,ARQUITETURA E URBANISMO,3,EM FUNCIONAMENTO,Não,53005015003M4,,3,,70790075,2016,CENTRO UNIVERSITÁRIO DE BRASÍLIA
25016016039P8,MULTIDISCIPLINAR,CIÊNCIAS E HUMANIDADES PARA A EDUCAÇÃO BÁSICA,EM FUNCIONAMENTO,Fortaleza,SOCIOLOGIA EM REDE NACIONAL,4,EM FUNCIONAMENTO,Não,25016016039F0,,4,,60020181,2018,UNIVERSIDADE FEDERAL DO CEARÁ
35110007001P2,CIÊNCIAS SOCIAIS APLICADAS,DIREITO,EM FUNCIONAMENTO,Franca,POLÍTICAS PÚBLICAS DE DESENVOLVIMENTO E EFETIVIDADE DO DIREITO,A,EM FUNCIONAMENTO,Não,35110007001M2,,A,,14401135,2024,FACULDADE DE DIREITO DE FRANCA
15001016028P4,CIÊNCIAS AGRÁRIAS,ZOOTECNIA / RECURSOS PESQUEIROS,EM FUNCIONAMENTO,Castanhal,CIÊNCIA ANIMAL,4,EM FUNCIONAMENTO,CIENCIA ANIMAL,15001016028M4,EM FUNCIONAMENTO,4,15001016028D5,68746360,1999,UNIVERSIDADE FEDERAL DO PARÁ
15002012002P1,CIÊNCIAS AGRÁRIAS,CIÊNCIAS AGRÁRIAS I,EM DESATIVACAO,Belém,CIÊNCIAS FLORESTAIS,3,EM DESATIVACAO,Não,15002012002M1,,3,,66077530,1993,UNIVERSIDADE FEDERAL RURAL DA AMAZÔNIA
16003012001P4,MULTIDISCIPLINAR,CIÊNCIAS AMBIENTAIS,EM FUNCIONAMENTO,Palmas,CIÊNCIAS DO AMBIENTE,5,EM FUNCIONAMENTO,Progama de Pós- Graduação em  Ciências do Ambiente,16003012001M4,EM FUNCIONAMENTO,5,16003012001D5,77020210,2003,UNIVERSIDADE FEDERAL DO TOCANTINS
20001010006P5,MULTIDISCIPLINAR,INTERDISCIPLINAR,EM FUNCIONAMENTO,São Luís,SAÚDE E AMBIENTE,3,EM FUNCIONAMENTO,Não,20001010006M5,,3,,65080805,1996,UNIVERSIDADE FEDERAL DO MARANHÃO
22001018006P0,CIÊNCIAS BIOLÓGICAS,CIÊNCIAS BIOLÓGICAS II,EM FUNCIONAMENTO,Fortaleza,BIOQUÍMICA,6,EM FUNCIONAMENTO,BIOQUÍMICA,22001018006M0,EM FUNCIONAMENTO,6,22001018006D1,60451970,1971,UNIVERSIDADE FEDERAL DO CEARÁ
22003010001P1,CIÊNCIAS AGRÁRIAS,MEDICINA VETERINÁRIA,EM FUNCIONAMENTO,Fortaleza,CIÊNCIAS VETERINÁRIAS,6,EM FUNCIONAMENTO,CIÊNCIAS VETERINÁRIAS,22003010001M1,EM FUNCIONAMENTO,6,22003010001D2,60714903,1990,UNIVERSIDADE ESTADUAL DO CEARÁ
22001018043P3,CIÊNCIAS HUMANAS,PSICOLOGIA,EM FUNCIONAMENTO,Fortaleza,PSICOLOGIA,4,EM FUNCIONAMENTO,Psicologia,22001018043M3,EM FUNCIONAMENTO,4,22001018043D4,60020180,2003,UNIVERSIDADE FEDERAL DO CEARÁ
23001011004P0,CIÊNCIAS HUMANAS,SOCIOLOGIA,EM FUNCIONAMENTO,Natal,CIÊNCIAS SOCIAIS,4,EM FUNCIONAMENTO,CIÊNCIAS SOCIAIS,23001011004M0,EM FUNCIONAMENTO,4,23001011004D1,59078900,1979,UNIVERSIDADE FEDERAL DO RIO GRANDE DO NORTE
23001011012P3,CIÊNCIAS EXATAS E DA TERRA,QUÍMICA,EM FUNCIONAMENTO,Natal,QUÍMICA,6,EM FUNCIONAMENTO,QUÍMICA,23001011012M3,EM FUNCIONAMENTO,6,23001011012D4,59078970,1990,UNIVERSIDADE FEDERAL DO RIO GRANDE DO NORTE
24001015012P6,ENGENHARIAS,ENGENHARIAS III,EM DESATIVACAO,João Pessoa,ENGENHARIA DE PRODUÇÃO,2,EM DESATIVACAO,Não,24001015012M6,,2,,58059900,1975,UNIVERSIDADE FEDERAL DA PARAÍBA - CAMPUS JOÃO PESSOA
24001015041P6,CIÊNCIAS DA SAÚDE,NUTRIÇÃO,EM FUNCIONAMENTO,João Pessoa,CIÊNCIAS DA NUTRIÇÃO,5,EM FUNCIONAMENTO,Doutorado em Ciências da Nutrição,24001015041M6,EM FUNCIONAMENTO,5,24001015041D7,58051900,1995,UNIVERSIDADE FEDERAL DA PARAÍBA - CAMPUS JOÃO PESSOA
25001019045P4,CIÊNCIAS BIOLÓGICAS,CIÊNCIAS BIOLÓGICAS I,EM FUNCIONAMENTO,Recife,CIÊNCIAS BIOLÓGICAS,6,EM FUNCIONAMENTO,CIÊNCIAS BIOLÓGICAS,25001019045M4,EM FUNCIONAMENTO,6,25001019045D5,50670901,1994,UNIVERSIDADE FEDERAL DE PERNAMBUCO
25001019060P3,MULTIDISCIPLINAR,CIÊNCIAS AMBIENTAIS,EM FUNCIONAMENTO,Recife,DESENVOLVIMENTO E MEIO AMBIENTE,5,EM FUNCIONAMENTO,Não,25001019060M3,,5,,50670901,1998,UNIVERSIDADE FEDERAL DE PERNAMBUCO
25007017001P5,CIÊNCIAS DA SAÚDE,SAÚDE COLETIVA,EM FUNCIONAMENTO,Recife,SAÚDE PÚBLICA,5,EM FUNCIONAMENTO,SAÚDE PÚBLICA,25007017001M5,EM FUNCIONAMENTO,5,25007017001D6,50670420,1996,"FUNDAÇÃO OSWALDO CRUZ - INSTITUTO AGGEU MAGALHÃES, FIOCRUZ PERNAMBUCO"
26001012002P6,CIÊNCIAS EXATAS E DA TERRA,ASTRONOMIA / FÍSICA,EM FUNCIONAMENTO,Maceió,Física,5,EM FUNCIONAMENTO,Física,26001012002M6,EM FUNCIONAMENTO,5,26001012002D7,57072900,1992,UNIVERSIDADE FEDERAL DE ALAGOAS
27001016008P7,CIÊNCIAS EXATAS E DA TERRA,ASTRONOMIA / FÍSICA,EM FUNCIONAMENTO,São Cristóvão,FÍSICA,4,EM FUNCIONAMENTO,FÍSICA,27001016008M7,EM FUNCIONAMENTO,4,27001016008D8,49107230,1994,UNIVERSIDADE FEDERAL DE SERGIPE
30001013018P1,CIÊNCIAS DA SAÚDE,SAÚDE COLETIVA,EM FUNCIONAMENTO,Vitória,SAÚDE COLETIVA,5,EM FUNCIONAMENTO,Saúde Coletiva,30001013018M1,EM FUNCIONAMENTO,5,30001013018D2,29047105,1999,UNIVERSIDADE FEDERAL DO ESPÍRITO SANTO
31001017012P6,CIÊNCIAS BIOLÓGICAS,CIÊNCIAS BIOLÓGICAS II,EM FUNCIONAMENTO,Rio de Janeiro,CIÊNCIAS BIOLÓGICAS (BIOFÍSICA),7,EM FUNCIONAMENTO,CIÊNCIAS BIOLÓGICAS (BIOFÍSICA),31001017012M6,EM FUNCIONAMENTO,7,31001017012D7,21941902,1963,UNIVERSIDADE FEDERAL DO RIO DE JANEIRO
31001017049P7,CIÊNCIAS DA SAÚDE,MEDICINA II,EM FUNCIONAMENTO,Rio de Janeiro,MEDICINA (DOENÇAS INFECCIOSAS E PARASITÁRIAS),5,EM FUNCIONAMENTO,MEDICINA (DOENÇAS INFECCIOSAS E PARASITÁRIAS),31001017049M7,EM FUNCIONAMENTO,5,31001017049D8,21941913,1970,UNIVERSIDADE FEDERAL DO RIO DE JANEIRO
31002013002P7,CIÊNCIAS AGRÁRIAS,CIÊNCIAS AGRÁRIAS I,EM FUNCIONAMENTO,Seropédica,AGRONOMIA (CIÊNCIAS DO SOLO),7,EM FUNCIONAMENTO,AGRONOMIA (CIÊNCIAS DO SOLO),31002013002M7,EM FUNCIONAMENTO,7,31002013002D8,23890000,1972,UNIVERSIDADE FEDERAL RURAL DO RIO DE JANEIRO
31002013001P0,CIÊNCIAS EXATAS E DA TERRA,QUÍMICA,EM FUNCIONAMENTO,Seropédica,QUÍMICA,4,EM FUNCIONAMENTO,QUÍMICA,31002013001M0,EM FUNCIONAMENTO,4,31002013001D1,23897000,1966,UNIVERSIDADE FEDERAL RURAL DO RIO DE JANEIRO
31021018001P8,CIÊNCIAS DA SAÚDE,ENFERMAGEM,EM FUNCIONAMENTO,Rio de Janeiro,ENFERMAGEM E BIOCIÊNCIAS,4,EM FUNCIONAMENTO,ENFERMAGEM E BIOCIÊNCIAS,31021018001M8,EM FUNCIONAMENTO,4,31021018001D9,22290180,1982,UNIVERSIDADE FEDERAL DO ESTADO DO RIO DE JANEIRO
31033016009P3,ENGENHARIAS,ENGENHARIAS III,EM FUNCIONAMENTO,Macaé,ENGENHARIA DE RESERVATÓRIO E DE  EXPLORAÇÃO,4,EM FUNCIONAMENTO,ENGENHARIA DE RESERVATÓRIO E DE  EXPLORAÇÃO,31033016009M3,EM FUNCIONAMENTO,4,31033016009D4,27925535,1995,UNIVERSIDADE ESTADUAL DO NORTE FLUMINENSE DARCY RIBEIRO
32001010019P3,CIÊNCIAS DA SAÚDE,MEDICINA II,EM FUNCIONAMENTO,Belo Horizonte,PATOLOGIA,6,EM FUNCIONAMENTO,PATOLOGIA,32001010019M3,EM FUNCIONAMENTO,6,32001010019D4,31270901,1973,UNIVERSIDADE FEDERAL DE MINAS GERAIS
33004056082P0,CIÊNCIAS SOCIAIS APLICADAS,"ARQUITETURA, URBANISMO E DESIGN",EM FUNCIONAMENTO,Bauru,DESIGN,6,EM FUNCIONAMENTO,DESIGN,33004056082M0,EM FUNCIONAMENTO,6,33004056082D1,17033360,1999,UNIVERSIDADE ESTADUAL PAULISTA JÚLIO DE MESQUITA FILHO - CAMPUS BAURU
33005010009P0,CIÊNCIAS HUMANAS,CIÊNCIAS DA RELIGIÃO E TEOLOGIA,EM FUNCIONAMENTO,São Paulo,Ciência da Religião,5,EM FUNCIONAMENTO,Ciência da Religião,33005010009M0,EM FUNCIONAMENTO,5,33005010009D0,05014000,1978,PONTIFÍCIA UNIVERSIDADE CATÓLICA DE SÃO PAULO
33010013005P0,CIÊNCIAS EXATAS E DA TERRA,GEOCIÊNCIAS,EM FUNCIONAMENTO,São José dos Campos,SENSORIAMENTO REMOTO,7,EM FUNCIONAMENTO,SENSORIAMENTO REMOTO,33010013005M0,EM FUNCIONAMENTO,7,33010013005D1,12227010,1972,INSTITUTO NACIONAL DE PESQUISAS ESPACIAIS
33063010002P3,CIÊNCIAS DA SAÚDE,ODONTOLOGIA,EM FUNCIONAMENTO,São Paulo,ODONTOLOGIA,5,EM FUNCIONAMENTO,ODONTOLOGIA,33063010002M3,EM FUNCIONAMENTO,5,33063010002D4,04026002,1993,UNIVERSIDADE PAULISTA
33078017002P3,MULTIDISCIPLINAR,ENSINO,EM FUNCIONAMENTO,São Paulo,ENSINO DE CIÊNCIAS E MATEMÁTICA,4,EM FUNCIONAMENTO,Não,33078017002F6,,4,,01506000,2004,UNIVERSIDADE CRUZEIRO DO SUL
33106010001P9,CIÊNCIAS SOCIAIS APLICADAS,"ADMINISTRAÇÃO PÚBLICA E DE EMPRESAS, CIÊNCIAS CONTÁBEIS E TURISMO",EM FUNCIONAMENTO,São Paulo,HOSPITALIDADE,4,EM FUNCIONAMENTO,HOSPITALIDADE,33106010001M9,EM FUNCIONAMENTO,4,33106010001D0,03101001,2002,UNIVERSIDADE ANHEMBI MORUMBI
33119015001P0,CIÊNCIAS DA SAÚDE,ODONTOLOGIA,EM FUNCIONAMENTO,Campinas,ODONTOLOGIA,5,EM FUNCIONAMENTO,Não,33119015001F2,,5,,13045610,1999,FACULDADE SÃO LEOPOLDO MANDIC
27001016176P7,MULTIDISCIPLINAR,INTERDISCIPLINAR,EM DESATIVACAO,São Cristóvão,INTERDISCIPLINAR EM CULTURAS POPULARES,2,EM DESATIVACAO,Não,27001016176M7,,2,,49100000,2017,UNIVERSIDADE FEDERAL DE SERGIPE
23001011177P2,CIÊNCIAS DA SAÚDE,ENFERMAGEM,EM FUNCIONAMENTO,Natal,PRÁTICAS DE SAÚDE E EDUCAÇÃO,3,EM FUNCIONAMENTO,Não,23001011177F5,,3,,59078970,2017,UNIVERSIDADE FEDERAL DO RIO GRANDE DO NORTE
32108010001P2,MULTIDISCIPLINAR,ENSINO,EM FUNCIONAMENTO,Ponte Nova,ENSINO DE CIÊNCIAS DA SAÚDE E DO AMBIENTE,3,EM FUNCIONAMENTO,Não,32108010001F5,,3,,35430000,2017,FACULDADE DINÂMICA DO VALE DO PIRANGA
31001017175P2,"LINGÜÍSTICA, LETRAS E ARTES",ARTES,EM FUNCIONAMENTO,Rio de Janeiro,DANÇA,3,EM FUNCIONAMENTO,Não,31001017175M2,,3,,21941972,2019,UNIVERSIDADE FEDERAL DO RIO DE JANEIRO
40076016004P3,"LINGÜÍSTICA, LETRAS E ARTES",ARTES,EM FUNCIONAMENTO,Curitiba,CINEMA E ARTES DO VÍDEO,3,EM FUNCIONAMENTO,Não,40076016004M3,,3,,80035050,2019,UNIVERSIDADE ESTADUAL DO PARANÁ
25003011073P0,CIÊNCIAS AGRÁRIAS,MEDICINA VETERINÁRIA,EM FUNCIONAMENTO,Recife,SAÚDE ÚNICA,3,EM FUNCIONAMENTO,Não,25003011073F3,,3,,52171900,2019,UNIVERSIDADE FEDERAL RURAL DE PERNAMBUCO
31002013159P3,CIÊNCIAS EXATAS E DA TERRA,GEOCIÊNCIAS,EM FUNCIONAMENTO,Seropédica,MODELAGEM E EVOLUÇÃO GEOLÓGICA,3,EM FUNCIONAMENTO,Não,31002013159M3,,3,,23897000,2018,UNIVERSIDADE FEDERAL RURAL DO RIO DE JANEIRO
28003012007P6,CIÊNCIAS SOCIAIS APLICADAS,DIREITO,EM FUNCIONAMENTO,Salvador,DIREITO,3,EM FUNCIONAMENTO,Não,28003012007M6,,3,,41740090,2019,UNIVERSIDADE CATÓLICA DO SALVADOR
25003011074P7,MULTIDISCIPLINAR,MATERIAIS,EM FUNCIONAMENTO,Cabo de Santo Agostinho,ENGENHARIA FÍSICA,3,EM FUNCIONAMENTO,Não,25003011074M7,,3,,54518430,2019,UNIVERSIDADE FEDERAL RURAL DE PERNAMBUCO
32004010048P6,CIÊNCIAS HUMANAS,FILOSOFIA,EM FUNCIONAMENTO,Lavras,FILOSOFIA,3,EM FUNCIONAMENTO,Não,32004010048M6,,3,,37200900,2019,UNIVERSIDADE FEDERAL DE LAVRAS
28008014005P5,CIÊNCIAS HUMANAS,PSICOLOGIA,EM FUNCIONAMENTO,Salvador,PSICOLOGIA E INTERVENÇÕES EM SAÚDE,3,EM FUNCIONAMENTO,Não,28008014005F8,,3,,40290000,2019,ESCOLA BAHIANA DE MEDICINA E SAÚDE PÚBLICA
11001011075P1,"LINGÜÍSTICA, LETRAS E ARTES",ARTES,EM FUNCIONAMENTO,Rio Branco,ARTES CÊNICAS,3,EM FUNCIONAMENTO,Não,11001011075M1,,3,,69920900,2019,UNIVERSIDADE FEDERAL DO ACRE
50014013001P9,CIÊNCIAS SOCIAIS APLICADAS,"ARQUITETURA, URBANISMO E DESIGN",EM FUNCIONAMENTO,Várzea Grande,ARQUITETURA E URBANISMO,3,EM FUNCIONAMENTO,Não,50014013001M9,,3,,78118900,2019,PONTIFÍCIA UNIVERSIDADE CATÓLICA DE CAMPINAS
23022000001P6,CIÊNCIAS DA SAÚDE,ODONTOLOGIA,EM FUNCIONAMENTO,Fortaleza,CLÍNICA ODONTOLÓGICA,4,EM FUNCIONAMENTO,Não,23022000001F9,,4,,60135218,2019,FACULDADE PAULO PICANÇO
41001028002P4,MULTIDISCIPLINAR,MATERIAIS,EM FUNCIONAMENTO,Blumenau,"NANOCIÊNCIA, PROCESSOS E MATERIAIS AVANÇADOS",3,EM FUNCIONAMENTO,Não,41001028002M4,,3,,89036256,2019,UNIVERSIDADE FEDERAL DE SANTA CATARINA - CAMPUS BLUMENAU
15001016167P4,CIÊNCIAS DA SAÚDE,MEDICINA I,EM FUNCIONAMENTO,Belém,ATENÇÃO E ESTUDO CLÍNICO NO DIABETES,3,EM FUNCIONAMENTO,Não,15001016167F7,,3,,66073000,2020,UNIVERSIDADE FEDERAL DO PARÁ
50001019176P2,CIÊNCIAS BIOLÓGICAS,BIODIVERSIDADE,EM FUNCIONAMENTO,Cuiabá,BIOLOGIA VEGETAL,A,EM FUNCIONAMENTO,Não,50001019176M2,,A,,78060900,2021,UNIVERSIDADE FEDERAL DE MATO GROSSO
25003011013P8,CIÊNCIAS AGRÁRIAS,CIÊNCIAS AGRÁRIAS I,EM FUNCIONAMENTO,Recife,CIÊNCIAS FLORESTAIS,4,EM FUNCIONAMENTO,CIÊNCIAS FLORESTAIS,25003011013M8,EM FUNCIONAMENTO,4,25003011013D9,52171900,2002,UNIVERSIDADE FEDERAL RURAL DE PERNAMBUCO
12001015181P9,MULTIDISCIPLINAR,INTERDISCIPLINAR,EM FUNCIONAMENTO,Manaus,EDUCOMUNICAÇÃO E LINGUAGENS NA AMAZÔNIA,A,EM FUNCIONAMENTO,Não,12001015181M9,,A,,69077000,2025,UNIVERSIDADE FEDERAL DO AMAZONAS
20002017043P4,CIÊNCIAS AGRÁRIAS,ZOOTECNIA / RECURSOS PESQUEIROS,EM FUNCIONAMENTO,São Luís,PRODUÇÃO ANIMAL,A,EM FUNCIONAMENTO,Não,20002017043M4,,A,,65055970,2024,"INSTITUTO FEDERAL DE EDUCAÇÃO, CIÊNCIA E TECNOLOGIA DO MARANHÃO"
31003010042P9,CIÊNCIAS BIOLÓGICAS,CIÊNCIAS BIOLÓGICAS II,EM FUNCIONAMENTO,Niterói,NEUROCIÊNCIAS,4,EM FUNCIONAMENTO,NEUROCIÊNCIAS,31003010042M9,EM FUNCIONAMENTO,4,31003010042D0,24020141,1998,UNIVERSIDADE FEDERAL FLUMINENSE
31011012002P2,CIÊNCIAS SOCIAIS APLICADAS,ECONOMIA,EM FUNCIONAMENTO,Rio de Janeiro,ECONOMIA,7,EM FUNCIONAMENTO,ECONOMIA,31011012002M2,EM FUNCIONAMENTO,7,31011012002D3,22250900,1961,FUNDAÇÃO GETULIO VARGAS - RIO DE JANEIRO
32002017007P1,CIÊNCIAS AGRÁRIAS,CIÊNCIAS AGRÁRIAS I,EM FUNCIONAMENTO,Viçosa,AGRONOMIA (SOLOS E NUTRIÇÃO DE PLANTAS),6,EM FUNCIONAMENTO,AGRONOMIA (SOLOS E NUTRIÇÃO DE PLANTAS),32002017007M1,EM FUNCIONAMENTO,6,32002017007D2,36570900,1977,UNIVERSIDADE FEDERAL DE VIÇOSA
33002010029P8,CIÊNCIAS HUMANAS,ANTROPOLOGIA / ARQUEOLOGIA,EM FUNCIONAMENTO,São Paulo,CIÊNCIA SOCIAL (ANTROPOLOGIA SOCIAL),6,EM FUNCIONAMENTO,CIÊNCIA SOCIAL (ANTROPOLOGIA SOCIAL),33002010029M8,EM FUNCIONAMENTO,6,33002010029D9,05508010,1972,UNIVERSIDADE DE SÃO PAULO
33002010106P2,"LINGÜÍSTICA, LETRAS E ARTES",LINGUíSTICA E LITERATURA,EM FUNCIONAMENTO,São Paulo,LETRAS (LETRAS CLÁSSICAS),5,EM FUNCIONAMENTO,LETRAS (LETRAS CLÁSSICAS),33002010106M2,EM FUNCIONAMENTO,5,33002010106D3,05508900,1971,UNIVERSIDADE DE SÃO PAULO
33002010119P7,CIÊNCIAS SOCIAIS APLICADAS,DIREITO,EM FUNCIONAMENTO,São Paulo,DIREITO,7,EM FUNCIONAMENTO,DIREITO,33002010119M7,EM FUNCIONAMENTO,7,33002010119D8,01005010,1971,UNIVERSIDADE DE SÃO PAULO
33002010156P0,CIÊNCIAS BIOLÓGICAS,CIÊNCIAS BIOLÓGICAS I,EM FUNCIONAMENTO,São Paulo,BIOTECNOLOGIA,5,EM FUNCIONAMENTO,BIOTECNOLOGIA,33002010156M0,EM FUNCIONAMENTO,5,33002010156D0,05508900,1991,UNIVERSIDADE DE SÃO PAULO
33003017029P4,CIÊNCIAS AGRÁRIAS,CIÊNCIA DE ALIMENTOS,EM FUNCIONAMENTO,Campinas,ENGENHARIA DE ALIMENTOS,7,EM FUNCIONAMENTO,ENGENHARIA DE ALIMENTOS,33003017029M4,EM FUNCIONAMENTO,7,33003017029D5,13083862,1969,UNIVERSIDADE ESTADUAL DE CAMPINAS
33004064021P7,CIÊNCIAS AGRÁRIAS,CIÊNCIAS AGRÁRIAS I,EM FUNCIONAMENTO,Botucatu,AGRONOMIA (ENERGIA NA AGRICULTURA),4,EM FUNCIONAMENTO,AGRONOMIA (ENERGIA NA AGRICULTURA),33004064021M7,EM FUNCIONAMENTO,4,33004064021D8,18610307,1982,UNIVERSIDADE ESTADUAL PAULISTA JÚLIO DE MESQUITA FILHO ( BOTUCATU )
33004072068P9,CIÊNCIAS SOCIAIS APLICADAS,DIREITO,EM FUNCIONAMENTO,Franca,DIREITO,4,EM FUNCIONAMENTO,DIREITO,33004072068M9,EM FUNCIONAMENTO,4,33004072068D0,14409160,1990,UNIVERSIDADE ESTADUAL PAULISTA JÚLIO DE MESQUITA FILHO - CAMPUS FRANCA
33004110040P5,CIÊNCIAS HUMANAS,EDUCAÇÃO,EM FUNCIONAMENTO,Marília,EDUCAÇÃO,6,EM FUNCIONAMENTO,EDUCAÇÃO,33004110040M5,EM FUNCIONAMENTO,6,33004110040D6,17525900,1988,UNIVERSIDADE ESTADUAL PAULISTA JÚLIO DE MESQUITA FILHO - CAMPUS MARÍLIA
33004153068P9,MULTIDISCIPLINAR,INTERDISCIPLINAR,EM FUNCIONAMENTO,São José do Rio Preto,Ciências Biomoleculares e Farmacológicas,5,EM FUNCIONAMENTO,Ciências Biomoleculares e Farmacológicas,33004153068M9,EM FUNCIONAMENTO,5,33004153068D0,15054000,1993,UNIVERSIDADE ESTADUAL PAULISTA JÚLIO DE MESQUITA FILHO - CAMPUS BOTUCATU
33004153023P5,CIÊNCIAS BIOLÓGICAS,CIÊNCIAS BIOLÓGICAS I,EM FUNCIONAMENTO,São José do Rio Preto,Biociências,5,EM FUNCIONAMENTO,Biociências,33004153023M5,EM FUNCIONAMENTO,5,33004153023D6,15054000,1983,UNIVERSIDADE ESTADUAL PAULISTA JÚLIO DE MESQUITA FILHO - CAMPUS SÃO JOSÉ DO RIO PRETO
33005010001P9,CIÊNCIAS HUMANAS,EDUCAÇÃO,EM FUNCIONAMENTO,São Paulo,"EDUCAÇÃO: HISTÓRIA, POLÍTICA, SOCIEDADE",5,EM FUNCIONAMENTO,"EDUCAÇÃO: HISTÓRIA, POLÍTICA, SOCIEDADE",33005010001M9,EM FUNCIONAMENTO,5,33005010001D0,05009000,1971,PONTIFÍCIA UNIVERSIDADE CATÓLICA DE SÃO PAULO
33005010028P4,MULTIDISCIPLINAR,INTERDISCIPLINAR,EM DESATIVACAO,São Paulo,GERONTOLOGIA,2,EM DESATIVACAO,Não,33005010028M4,,2,,05015000,1997,PONTIFÍCIA UNIVERSIDADE CATÓLICA DE SÃO PAULO
33054010003P0,CIÊNCIAS AGRÁRIAS,CIÊNCIAS AGRÁRIAS I,EM FUNCIONAMENTO,Presidente Prudente,AGRONOMIA,4,EM FUNCIONAMENTO,Agronomia,33054010003M0,EM FUNCIONAMENTO,4,33054010003D1,19067175,2004,UNIVERSIDADE DO OESTE PAULISTA
28005015005P6,CIÊNCIAS AGRÁRIAS,CIÊNCIAS AGRÁRIAS I,EM FUNCIONAMENTO,Juazeiro,AGRONOMIA: HORTICULTURA IRRIGADA,4,EM FUNCIONAMENTO,Não,28005015005M6,,4,,48905680,2006,UNIVERSIDADE DO ESTADO DA BAHIA
40014010002P7,CIÊNCIAS EXATAS E DA TERRA,QUÍMICA,EM FUNCIONAMENTO,Guarapuava,QUÍMICA APLICADA,4,EM FUNCIONAMENTO,DOUTORADO EM QUÍMICA APLICADA,40014010002M7,EM FUNCIONAMENTO,4,40014010002D8,85015430,2006,UNIVERSIDADE ESTADUAL DO CENTRO-OESTE
42007011016P0,CIÊNCIAS HUMANAS,PSICOLOGIA,EM DESATIVACAO,São Leopoldo,PSICOLOGIA,5,EM DESATIVACAO,Psicologia,42007011016M0,EM DESATIVACAO,5,42007011016D1,93022000,2006,UNIVERSIDADE DO VALE DO RIO DOS SINOS
40001016055P2,"LINGÜÍSTICA, LETRAS E ARTES",ARTES,EM FUNCIONAMENTO,Curitiba,MÚSICA,4,EM FUNCIONAMENTO,DOUTORADO EM MÚSICA,40001016055M2,EM FUNCIONAMENTO,4,40001016055D3,80420170,2006,UNIVERSIDADE FEDERAL DO PARANÁ
31063012001P8,MULTIDISCIPLINAR,CIÊNCIAS AMBIENTAIS,EM FUNCIONAMENTO,Rio de Janeiro,DESENVOLVIMENTO LOCAL,5,EM FUNCIONAMENTO,DESENVOLVIMENTO LOCAL,31063012001F0,EM FUNCIONAMENTO,5,31063012001R4,21041020,2006,CENTRO UNIVERSITÁRIO AUGUSTO MOTTA
28005015007P9,CIÊNCIAS HUMANAS,HISTÓRIA,EM FUNCIONAMENTO,Santo Antônio de Jesus,HISTÓRIA REGIONAL E LOCAL,4,EM FUNCIONAMENTO,Não,28005015007M9,,4,,44444032,2007,UNIVERSIDADE DO ESTADO DA BAHIA
40014010003P3,CIÊNCIAS AGRÁRIAS,CIÊNCIAS AGRÁRIAS I,EM FUNCIONAMENTO,Guarapuava,AGRONOMIA,4,EM FUNCIONAMENTO,Agronomia,40014010003M3,EM FUNCIONAMENTO,4,40014010003D4,85015430,2007,UNIVERSIDADE ESTADUAL DO CENTRO-OESTE
52001016114P2,CIÊNCIAS EXATAS E DA TERRA,GEOCIÊNCIAS,EM FUNCIONAMENTO,Goiânia,GEOCIÊNCIAS,A,EM FUNCIONAMENTO,Não,52001016114M2,,A,,74690900,2024,UNIVERSIDADE FEDERAL DE GOIÁS
10001018048P1,CIÊNCIAS SOCIAIS APLICADAS,"ADMINISTRAÇÃO PÚBLICA E DE EMPRESAS, CIÊNCIAS CONTÁBEIS E TURISMO",EM FUNCIONAMENTO,Vilhena,MESTRADO ACADÊMICO EM ADMINISTRAÇÃO E CONTABILIDADE,A,EM FUNCIONAMENTO,Não,10001018048M1,,A,,76981340,2024,UNIVERSIDADE FEDERAL DE RONDÔNIA
23001011020P6,CIÊNCIAS BIOLÓGICAS,CIÊNCIAS BIOLÓGICAS II,EM FUNCIONAMENTO,Natal,Bioquímica e Biologia Molecular,4,EM FUNCIONAMENTO,Bioquímica e Biologia Molecular,23001011020M6,EM FUNCIONAMENTO,4,23001011020D7,59078970,1996,UNIVERSIDADE FEDERAL DO RIO GRANDE DO NORTE
23001011031P8,CIÊNCIAS DA SAÚDE,MEDICINA II,EM FUNCIONAMENTO,Natal,CIÊNCIAS DA SAÚDE,6,EM FUNCIONAMENTO,CIÊNCIAS DA SAÚDE,23001011031M8,EM FUNCIONAMENTO,6,23001011031D9,59012570,2001,UNIVERSIDADE FEDERAL DO RIO GRANDE DO NORTE
25001019017P0,CIÊNCIAS SOCIAIS APLICADAS,ECONOMIA,EM FUNCIONAMENTO,Recife,ECONOMIA,6,EM FUNCIONAMENTO,ECONOMIA,25001019017M0,EM FUNCIONAMENTO,6,25001019017D1,50670901,1967,UNIVERSIDADE FEDERAL DE PERNAMBUCO
25001019021P8,ENGENHARIAS,ENGENHARIAS III,EM FUNCIONAMENTO,Recife,ENGENHARIA DE PRODUÇÃO,7,EM FUNCIONAMENTO,ENGENHARIA DE PRODUÇÃO,25001019021M8,EM FUNCIONAMENTO,7,25001019021D9,50670901,1979,UNIVERSIDADE FEDERAL DE PERNAMBUCO
25001019020P1,ENGENHARIAS,ENGENHARIAS II,EM FUNCIONAMENTO,Recife,TECNOLOGIAS ENERGÉTICAS E NUCLEARES,5,EM FUNCIONAMENTO,TECNOLOGIAS ENERGÉTICAS E NUCLEARES,25001019020M1,EM FUNCIONAMENTO,5,25001019020D2,50740545,1977,UNIVERSIDADE FEDERAL DE PERNAMBUCO
25001019029P9,CIÊNCIAS SOCIAIS APLICADAS,DIREITO,EM FUNCIONAMENTO,Recife,DIREITO,5,EM FUNCIONAMENTO,DIREITO,25001019029M9,EM FUNCIONAMENTO,5,25001019029D0,50060080,1972,UNIVERSIDADE FEDERAL DE PERNAMBUCO
25001019031P3,CIÊNCIAS SOCIAIS APLICADAS,SERVIÇO SOCIAL,EM FUNCIONAMENTO,Recife,SERVIÇO SOCIAL,6,EM FUNCIONAMENTO,SERVIÇO SOCIAL,25001019031M3,EM FUNCIONAMENTO,6,25001019031D4,50740590,1979,UNIVERSIDADE FEDERAL DE PERNAMBUCO
33004153078P4,MULTIDISCIPLINAR,ENSINO,EM FUNCIONAMENTO,São José do Rio Preto,ENSINO E PROCESSOS FORMATIVOS,4,EM FUNCIONAMENTO,ENSINO E PROCESSOS FORMATIVOS,33004153078M4,EM PROJETO,4,33004153078D5,15054000,2016,UNIVERSIDADE ESTADUAL PAULISTA JÚLIO DE MESQUITA FILHO - CAMPUS ILHA SOLTEIRA
40002012173P1,CIÊNCIAS HUMANAS,PSICOLOGIA,EM FUNCIONAMENTO,Londrina,PSICOLOGIA,4,EM FUNCIONAMENTO,PSICOLOGIA,40002012173M1,EM FUNCIONAMENTO,4,40002012173D2,86057970,2017,UNIVERSIDADE ESTADUAL DE LONDRINA
42046017015P5,CIÊNCIAS HUMANAS,EDUCAÇÃO,EM FUNCIONAMENTO,Bagé,ENSINO,4,EM FUNCIONAMENTO,ENSINO,42046017015M5,EM FUNCIONAMENTO,4,42046017015D6,96400100,2017,UNIVERSIDADE FEDERAL DO PAMPA
33020019006P9,CIÊNCIAS HUMANAS,PSICOLOGIA,EM FUNCIONAMENTO,Santos,"PSICOLOGIA, DESENVOLVIMENTO E POLÍTICAS PÚBLICAS",3,EM FUNCIONAMENTO,Não,33020019006F1,,3,,11015002,2019,UNIVERSIDADE CATÓLICA DE SANTOS
10001018041P7,CIÊNCIAS BIOLÓGICAS,BIODIVERSIDADE,EM FUNCIONAMENTO,Porto Velho,CONSERVAÇÃO E USO DE RECURSOS NATURAIS,3,EM FUNCIONAMENTO,Não,10001018041M7,,3,,76801974,2019,UNIVERSIDADE FEDERAL DE RONDÔNIA
33063010007P5,CIÊNCIAS HUMANAS,PSICOLOGIA,EM FUNCIONAMENTO,Ribeirão Preto,PRÁTICAS INSTITUCIONAIS EM SAÚDE MENTAL,A,EM FUNCIONAMENTO,Não,33063010007F8,,A,,14024270,2022,UNIVERSIDADE PAULISTA
52060004005P8,CIÊNCIAS HUMANAS,GEOGRAFIA,EM FUNCIONAMENTO,Jataí,GEOGRAFIA,4,EM FUNCIONAMENTO,GEOGRAFIA,52060004005M8,EM FUNCIONAMENTO,4,52060004005D9,75801615,2009,UNIVERSIDADE FEDERAL DE JATAÍ
52060004006P4,CIÊNCIAS EXATAS E DA TERRA,QUÍMICA,EM FUNCIONAMENTO,Jataí,QUÍMICA,3,EM FUNCIONAMENTO,Não,52060004006M4,,3,,75801615,2021,UNIVERSIDADE FEDERAL DE JATAÍ
32018010049P6,CIÊNCIAS AGRÁRIAS,CIÊNCIAS AGRÁRIAS I,EM FUNCIONAMENTO,São João del Rei,CIÊNCIA DE DADOS PARA PRODUÇÃO FLORESTAL,A,EM FUNCIONAMENTO,Não,32018010049M6,,A,,36307352,2025,UNIVERSIDADE FEDERAL DE SÃO JOÃO DEL-REI
42010012009P1,MULTIDISCIPLINAR,INTERDISCIPLINAR,EM FUNCIONAMENTO,Erechim,TECNOLOGIAS SUSTENTÁVEIS,A,EM FUNCIONAMENTO,Não,42010012009F4,,A,,99700000,2025,UNIVERSIDADE REGIONAL INTEGRADA DO ALTO URUGUAI E DAS MISSÕES
28002016023P5,CIÊNCIAS SOCIAIS APLICADAS,DIREITO,EM FUNCIONAMENTO,Feira de Santana,DIREITO,A,EM FUNCIONAMENTO,Não,28002016023M5,,A,,44036900,2025,UNIVERSIDADE ESTADUAL DE SANTA CRUZ
12002011003P0,CIÊNCIAS BIOLÓGICAS,BIODIVERSIDADE,EM FUNCIONAMENTO,Manaus,BIOLOGIA (ECOLOGIA),7,EM FUNCIONAMENTO,BIOLOGIA (ECOLOGIA),12002011003M0,EM FUNCIONAMENTO,7,12002011003D0,69067375,1976,INSTITUTO NACIONAL DE PESQUISAS DA AMAZÔNIA
21001014007P4,CIÊNCIAS AGRÁRIAS,CIÊNCIAS AGRÁRIAS I,EM FUNCIONAMENTO,Teresina,Agronomia,4,EM FUNCIONAMENTO,Agronomia,21001014007M4,EM FUNCIONAMENTO,4,21001014007D5,64049550,2003,UNIVERSIDADE FEDERAL DO PIAUÍ
23001011036P0,MULTIDISCIPLINAR,CIÊNCIAS AMBIENTAIS,EM FUNCIONAMENTO,Natal,DESENVOLVIMENTO E MEIO AMBIENTE,5,EM FUNCIONAMENTO,Não,23001011036M0,,5,,59078900,2004,UNIVERSIDADE FEDERAL DO RIO GRANDE DO NORTE
24009016011P0,CIÊNCIAS AGRÁRIAS,MEDICINA VETERINÁRIA,EM FUNCIONAMENTO,Patos,Ciência e Saúde Animal,5,EM FUNCIONAMENTO,Ciência e Saúde Animal,24009016011M0,EM FUNCIONAMENTO,5,24009016011D1,58700970,2003,UNIVERSIDADE FEDERAL DE CAMPINA GRANDE
25001019033P6,CIÊNCIAS HUMANAS,CIÊNCIA POLÍTICA E RELAÇÕES INTERNACIONAIS,EM FUNCIONAMENTO,Recife,CIÊNCIA POLÍTICA,6,EM FUNCIONAMENTO,CIÊNCIA POLÍTICA,25001019033M6,EM FUNCIONAMENTO,6,25001019033D7,50670901,1982,UNIVERSIDADE FEDERAL DE PERNAMBUCO
25001019043P1,CIÊNCIAS DA SAÚDE,MEDICINA II,EM FUNCIONAMENTO,Recife,NEUROPSIQUIATRIA E CIÊNCIAS DO COMPORTAMENTO,4,EM FUNCIONAMENTO,NEUROPSIQUIATRIA E CIÊNCIAS DO COMPORTAMENTO,25001019043M1,EM FUNCIONAMENTO,4,25001019043D2,50670901,1994,UNIVERSIDADE FEDERAL DE PERNAMBUCO
25001019040P2,ENGENHARIAS,ENGENHARIAS I,EM FUNCIONAMENTO,Recife,ENGENHARIA CIVIL,6,EM FUNCIONAMENTO,ENGENHARIA CIVIL,25001019040M2,EM FUNCIONAMENTO,6,25001019040D3,50670901,1992,UNIVERSIDADE FEDERAL DE PERNAMBUCO
25003011016P7,CIÊNCIAS AGRÁRIAS,CIÊNCIAS AGRÁRIAS I,EM DESATIVACAO,Recife,EXTENSÃO RURAL E DESENVOLVIMENTO LOCAL,2,EM DESATIVACAO,Não,25003011016M7,,2,,52171900,2003,UNIVERSIDADE FEDERAL RURAL DE PERNAMBUCO
31001017089P9,"LINGÜÍSTICA, LETRAS E ARTES",ARTES,EM FUNCIONAMENTO,Rio de Janeiro,ARTES VISUAIS,6,EM FUNCIONAMENTO,ARTES VISUAIS,31001017089M9,EM FUNCIONAMENTO,6,31001017089D0,21941614,1985,UNIVERSIDADE FEDERAL DO RIO DE JANEIRO
31001017105P4,CIÊNCIAS BIOLÓGICAS,CIÊNCIAS BIOLÓGICAS II,EM FUNCIONAMENTO,Rio de Janeiro,CIÊNCIAS MORFOLÓGICAS,7,EM FUNCIONAMENTO,CIÊNCIAS MORFOLÓGICAS,31001017105M4,EM FUNCIONAMENTO,7,31001017105D5,21941902,1995,UNIVERSIDADE FEDERAL DO RIO DE JANEIRO
31018017010P0,CIÊNCIAS HUMANAS,EDUCAÇÃO,EM FUNCIONAMENTO,Rio de Janeiro,EDUCAÇÃO,4,EM FUNCIONAMENTO,EDUCAÇÃO,31018017010M0,EM FUNCIONAMENTO,4,31018017010D0,20071001,2000,UNIVERSIDADE ESTÁCIO DE SÁ
32001010038P8,ENGENHARIAS,ENGENHARIAS I,EM FUNCIONAMENTO,Belo Horizonte,ENGENHARIA DE ESTRUTURAS,5,EM FUNCIONAMENTO,ENGENHARIA DE ESTRUTURAS,32001010038M8,EM FUNCIONAMENTO,5,32001010038D9,31270901,1988,UNIVERSIDADE FEDERAL DE MINAS GERAIS
32003013005P5,ENGENHARIAS,ENGENHARIAS II,EM FUNCIONAMENTO,Itajubá,Ciência e Engenharia de Materiais,4,EM FUNCIONAMENTO,Ciência e Engenharia de Materiais,32003013005M5,EM FUNCIONAMENTO,4,32003013005D6,37500903,2001,UNIVERSIDADE FEDERAL DE ALFENAS
33002010190P3,ENGENHARIAS,ENGENHARIAS I,EM FUNCIONAMENTO,São Paulo,ENGENHARIA DE SISTEMAS LOGÍSTICOS,5,EM FUNCIONAMENTO,Não,33002010190M3,,5,,05508070,2003,UNIVERSIDADE DE SÃO PAULO
33004013063P4,"LINGÜÍSTICA, LETRAS E ARTES",ARTES,EM FUNCIONAMENTO,São Paulo,ARTES,5,EM FUNCIONAMENTO,Artes,33004013063M4,EM FUNCIONAMENTO,5,33004013063D5,01140070,1991,UNIVERSIDADE ESTADUAL PAULISTA JÚLIO DE MESQUITA FILHO
33003033008P8,CIÊNCIAS DA SAÚDE,ODONTOLOGIA,EM FUNCIONAMENTO,Piracicaba,CLÍNICA ODONTOLÓGICA,7,EM FUNCIONAMENTO,CLÍNICA ODONTOLÓGICA,33003033008M8,EM FUNCIONAMENTO,7,33003033008D9,13414903,1993,UNIVERSIDADE ESTADUAL DE CAMPINAS - CAMPUS PIRACICABA
33004080027P6,ENGENHARIAS,ENGENHARIAS III,EM FUNCIONAMENTO,Guaratinguetá,ENGENHARIA,5,EM FUNCIONAMENTO,ENGENHARIA,33004080027M6,EM FUNCIONAMENTO,5,33004080027D7,12516410,1983,UNIVERSIDADE ESTADUAL PAULISTA JÚLIO DE MESQUITA FILHO - CAMPUS GUARATINGUETÁ
41011015003P7,CIÊNCIAS EXATAS E DA TERRA,GEOCIÊNCIAS,EM FUNCIONAMENTO,Florianópolis,CLIMA E AMBIENTE,4,EM FUNCIONAMENTO,Não,41011015003F0,,4,,88020300,2016,"INSTITUTO FEDERAL DE EDUCAÇÃO, CIÊNCIA E TECNOLOGIA DE SANTA CATARINA"
32002017049P6,ENGENHARIAS,ENGENHARIAS II,EM FUNCIONAMENTO,Viçosa,ENGENHARIA QUÍMICA,3,EM FUNCIONAMENTO,Não,32002017049M6,,3,,36570900,2016,UNIVERSIDADE FEDERAL DE VIÇOSA
11001011072P2,CIÊNCIAS EXATAS E DA TERRA,COMPUTAÇÃO,EM FUNCIONAMENTO,Rio Branco,CIÊNCIA DA COMPUTAÇÃO,3,EM FUNCIONAMENTO,Não,11001011072M2,,3,,69920900,2018,UNIVERSIDADE FEDERAL DO ACRE
28022017014P0,MULTIDISCIPLINAR,ENSINO,EM FUNCIONAMENTO,Cruz das Almas,"EDUCAÇÃO CIENTÍFICA, INCLUSÃO E DIVERSIDADE",3,EM FUNCIONAMENTO,Não,28022017014F2,,3,,44380000,2019,UNIVERSIDADE FEDERAL DO RECÔNCAVO DA BAHIA
31001017177P5,MULTIDISCIPLINAR,INTERDISCIPLINAR,EM FUNCIONAMENTO,Rio de Janeiro,NanoBiossistemas,4,EM FUNCIONAMENTO,NanoBiossistemas,31001017177M5,EM FUNCIONAMENTO,4,31001017177D6,21941972,2019,FUNDAÇÃO OSWALDO CRUZ
25004018075P0,MULTIDISCIPLINAR,INTERDISCIPLINAR,EM FUNCIONAMENTO,Garanhuns,SAÚDE E DESENVOLVIMENTO SOCIOAMBIENTAL,3,EM FUNCIONAMENTO,Não,25004018075M0,,3,,55294902,2020,UNIVERSIDADE DE PERNAMBUCO
33011010015P6,CIÊNCIAS EXATAS E DA TERRA,COMPUTAÇÃO,EM FUNCIONAMENTO,São José dos Campos,Computação de Missão Crítica,A,EM FUNCIONAMENTO,Não,33011010015F9,,A,,12228900,2021,INSTITUTO TECNOLÓGICO DE AERONÁUTICA
22001018179P2,MULTIDISCIPLINAR,INTERDISCIPLINAR,EM FUNCIONAMENTO,Fortaleza,GASTRONOMIA,A,EM FUNCIONAMENTO,Não,22001018179M2,,A,,60440554,2021,UNIVERSIDADE FEDERAL DO CEARÁ
32010010050P7,MULTIDISCIPLINAR,INTERDISCIPLINAR,EM FUNCIONAMENTO,Diamantina,TURISMO E TERRITÓRIOS PROTEGIDOS,A,EM FUNCIONAMENTO,Não,32010010050M7,,A,,39100000,2025,UNIVERSIDADE FEDERAL DOS VALES DO JEQUITINHONHA E MUCURI
42046017020P9,MULTIDISCIPLINAR,INTERDISCIPLINAR,EM FUNCIONAMENTO,Bagé,CIÊNCIAS HUMANAS,A,EM FUNCIONAMENTO,Não,42046017020F1,,A,,96400100,2025,UNIVERSIDADE FEDERAL DO PAMPA
15001016022P6,CIÊNCIAS BIOLÓGICAS,BIODIVERSIDADE,EM FUNCIONAMENTO,Belém,ZOOLOGIA,5,EM FUNCIONAMENTO,ZOOLOGIA,15001016022M6,EM FUNCIONAMENTO,5,15001016022D7,66075110,1996,UNIVERSIDADE FEDERAL DO PARÁ
21001014003P9,CIÊNCIAS EXATAS E DA TERRA,QUÍMICA,EM FUNCIONAMENTO,Teresina,QUÍMICA,4,EM FUNCIONAMENTO,QUÍMICA,21001014003M9,EM FUNCIONAMENTO,4,21001014003D0,64049550,1999,UNIVERSIDADE FEDERAL DO PIAUÍ
24001015029P6,CIÊNCIAS BIOLÓGICAS,BIODIVERSIDADE,EM FUNCIONAMENTO,João Pessoa,CIÊNCIAS BIOLÓGICAS (ZOOLOGIA),5,EM FUNCIONAMENTO,CIÊNCIAS BIOLÓGICAS (ZOOLOGIA),24001015029M6,EM FUNCIONAMENTO,5,24001015029D7,58051900,1981,UNIVERSIDADE FEDERAL DA PARAÍBA - CAMPUS JOÃO PESSOA
25001019039P4,CIÊNCIAS DA SAÚDE,MEDICINA I,EM DESATIVACAO,Recife,CIÊNCIAS DA SAÚDE,2,EM DESATIVACAO,Não,25001019039M4,,2,,50670901,1991,UNIVERSIDADE FEDERAL DE PERNAMBUCO
25003011010P9,CIÊNCIAS AGRÁRIAS,CIÊNCIAS AGRÁRIAS I,EM FUNCIONAMENTO,Recife,BIOMETRIA E ESTATÍSTICA APLICADA,5,EM FUNCIONAMENTO,BIOMETRIA E ESTATÍSTICA APLICADA,25003011010M9,EM FUNCIONAMENTO,5,25003011010D0,52171900,1997,UNIVERSIDADE FEDERAL RURAL DE PERNAMBUCO
26001012010P9,CIÊNCIAS AGRÁRIAS,CIÊNCIAS AGRÁRIAS I,EM FUNCIONAMENTO,Rio Largo,AGRONOMIA (PRODUÇÃO VEGETAL),4,EM FUNCIONAMENTO,AGRONOMIA (PRODUÇÃO VEGETAL),26001012010M9,EM FUNCIONAMENTO,4,26001012010D0,57100000,1999,UNIVERSIDADE FEDERAL DE ALAGOAS
28001010015P0,CIÊNCIAS SOCIAIS APLICADAS,DIREITO,EM FUNCIONAMENTO,Salvador,DIREITO,5,EM FUNCIONAMENTO,DIREITO,28001010015M0,EM FUNCIONAMENTO,5,28001010015D0,40150140,1975,UNIVERSIDADE FEDERAL DA BAHIA
28002016003P4,"LINGÜÍSTICA, LETRAS E ARTES",LINGUíSTICA E LITERATURA,EM FUNCIONAMENTO,Feira de Santana,Estudos Literários,5,EM FUNCIONAMENTO,ESTUDOS LITERÁRIOS,28002016003M4,EM FUNCIONAMENTO,5,28002016003D5,44036900,2000,UNIVERSIDADE ESTADUAL DE FEIRA DE SANTANA
28007018004P2,CIÊNCIAS BIOLÓGICAS,BIODIVERSIDADE,EM FUNCIONAMENTO,Ilhéus,ZOOLOGIA,5,EM FUNCIONAMENTO,ZOOLOGIA,28007018004M2,EM FUNCIONAMENTO,5,28007018004D3,45662900,2003,UNIVERSIDADE ESTADUAL DE SANTA CRUZ
28006011001P7,CIÊNCIAS AGRÁRIAS,CIÊNCIAS AGRÁRIAS I,EM FUNCIONAMENTO,Vitória da Conquista,AGRONOMIA,4,EM FUNCIONAMENTO,Agronomia,28006011001M7,EM FUNCIONAMENTO,4,28006011001D8,45031900,2002,UNIVERSIDADE ESTADUAL DO SUDOESTE DA BAHIA
31001017014P9,CIÊNCIAS BIOLÓGICAS,BIODIVERSIDADE,EM FUNCIONAMENTO,Rio de Janeiro,CIÊNCIAS BIOLÓGICAS (BOTÂNICA),5,EM FUNCIONAMENTO,CIÊNCIAS BIOLÓGICAS (BOTÂNICA),31001017014M9,EM FUNCIONAMENTO,5,31001017014D0,20940040,1972,UNIVERSIDADE FEDERAL DO RIO DE JANEIRO
31001017032P7,ENGENHARIAS,ENGENHARIAS III,EM FUNCIONAMENTO,Rio de Janeiro,ENGENHARIA OCEÂNICA,5,EM FUNCIONAMENTO,ENGENHARIA OCEÂNICA,31001017032M7,EM FUNCIONAMENTO,5,31001017032D8,21941972,1967,UNIVERSIDADE FEDERAL DO RIO DE JANEIRO
42021014006P0,MULTIDISCIPLINAR,INTERDISCIPLINAR,EM FUNCIONAMENTO,Canoas,Não,5,,INTERDISCIPLINAR EM MEMÓRIA SOCIAL E BENS CULTURAIS,,EM FUNCIONAMENTO,,42021014006D1,92010000,2015,UNIVERSIDADE LA SALLE
15010015070P6,MULTIDISCIPLINAR,INTERDISCIPLINAR,EM FUNCIONAMENTO,Santarém,CIÊNCIAS DA SOCIEDADE,3,EM FUNCIONAMENTO,Não,15010015070M6,,3,,68040070,2016,UNIVERSIDADE FEDERAL DO OESTE DO PARÁ
32011016042P7,CIÊNCIAS DA SAÚDE,"EDUCAÇÃO FÍSICA, FISIOTERAPIA, FONOAUDIOLOGIA E TERAPIA OCUPACIONAL",EM FUNCIONAMENTO,Alfenas,CIÊNCIAS DA REABILITAÇÃO,3,EM FUNCIONAMENTO,Não,32011016042M7,,3,,37130000,2016,UNIVERSIDADE FEDERAL DE ALFENAS
31010016151P1,CIÊNCIAS DA SAÚDE,SAÚDE COLETIVA,EM FUNCIONAMENTO,Rio de Janeiro,Vigilância e Controle de Vetores,4,EM FUNCIONAMENTO,Não,31010016151F4,,4,,21040900,2017,FUNDAÇÃO OSWALDO CRUZ
33002010249P8,CIÊNCIAS SOCIAIS APLICADAS,"ARQUITETURA, URBANISMO E DESIGN",EM FUNCIONAMENTO,São Paulo,DESIGN,5,EM FUNCIONAMENTO,DESIGN,33002010249M8,EM FUNCIONAMENTO,5,33002010249D9,05508900,2017,UNIVERSIDADE DE SÃO PAULO
52001016107P6,CIÊNCIAS SOCIAIS APLICADAS,DIREITO,EM FUNCIONAMENTO,Goiânia,DIREITO E POLÍTICAS PÚBLICAS,4,EM FUNCIONAMENTO,DIREITO E POLÍTICAS PÚBLICAS,52001016107F9,EM FUNCIONAMENTO,4,52001016107R2,74605220,2017,UNIVERSIDADE FEDERAL DE GOIÁS
50008013007P0,CIÊNCIAS AGRÁRIAS,MEDICINA VETERINÁRIA,EM FUNCIONAMENTO,Cuiabá,Não,4,,"BIOCIÊNCIA ANIMAL: SAÚDE E PRODUÇÃO ANIMAL NOS BIOMAS PANTANAL, CERRADO E AMAZÔNIA",,EM FUNCIONAMENTO,,50008013007D1,78065900,2017,UNIVERSIDADE FEDERAL DE VIÇOSA
32011016044P0,MULTIDISCIPLINAR,BIOTECNOLOGIA,EM FUNCIONAMENTO,Alfenas,BIOTECNOLOGIA,3,EM FUNCIONAMENTO,Não,32011016044M0,,3,,37130000,2019,UNIVERSIDADE FEDERAL DE ALFENAS
21001014083P2,CIÊNCIAS SOCIAIS APLICADAS,DIREITO,EM FUNCIONAMENTO,Teresina,DIREITO,3,EM FUNCIONAMENTO,Não,21001014083M2,,3,,64049550,2019,UNIVERSIDADE FEDERAL DO PIAUÍ
33002010253P5,CIÊNCIAS DA SAÚDE,"EDUCAÇÃO FÍSICA, FISIOTERAPIA, FONOAUDIOLOGIA E TERAPIA OCUPACIONAL",EM FUNCIONAMENTO,São Paulo,TERAPIA OCUPACIONAL E PROCESSOS DE INCLUSÃO SOCIAL,3,EM FUNCIONAMENTO,Não,33002010253F8,,3,,05508900,2019,UNIVERSIDADE DE SÃO PAULO
14001012161P3,CIÊNCIAS HUMANAS,GEOGRAFIA,EM FUNCIONAMENTO,Macapá,GEOGRAFIA,3,EM FUNCIONAMENTO,Não,14001012161M3,,3,,68903419,2019,UNIVERSIDADE FEDERAL DO AMAPÁ
50002015157P4,MULTIDISCIPLINAR,ENSINO,EM FUNCIONAMENTO,Barra do Bugres,ENSINO EM CONTEXTO INDÍGENA INTERCULTURAL,3,EM FUNCIONAMENTO,Não,50002015157F7,,3,,78390000,2020,UNIVERSIDADE DO ESTADO DE MATO GROSSO CARLOS ALBERTO REYES MALDONADO
52001016112P0,ENGENHARIAS,ENGENHARIAS I,EM DESATIVACAO,Goiânia,ENGENHARIA CIVIL,A,EM DESATIVACAO,Não,52001016112M0,,A,,74690900,2019,UNIVERSIDADE FEDERAL DE GOIÁS
53069005001P2,CIÊNCIAS SOCIAIS APLICADAS,DIREITO,EM FUNCIONAMENTO,Brasília,DIREITO E PODER JUDICIÁRIO,3,EM FUNCIONAMENTO,Não,53069005001F5,,3,,70200003,2020,ESCOLA NACIONAL DE FORMAÇÃO E APERFEIÇOAMENTO DE MAGISTRADOS
24009016174P7,MULTIDISCIPLINAR,ENSINO,EM FUNCIONAMENTO,Campina Grande,ENSINO DE CIÊNCIAS E EDUCAÇÃO MATEMÁTICA,A,EM FUNCIONAMENTO,Não,24009016174M7,,A,,58429900,2025,UNIVERSIDADE FEDERAL DE CAMPINA GRANDE
12006017004P1,MULTIDISCIPLINAR,INTERDISCIPLINAR,EM FUNCIONAMENTO,Manaus,SAÚDE E INOVAÇÃO,A,EM FUNCIONAMENTO,Não,12006017004M1,,A,,69058030,2025,UNIVERSIDADE NILTON LINS
12001015013P9,MULTIDISCIPLINAR,BIOTECNOLOGIA,EM FUNCIONAMENTO,Manaus,BIOTECNOLOGIA,4,EM FUNCIONAMENTO,BIOTECNOLOGIA,12001015013M9,EM FUNCIONAMENTO,4,12001015013D0,69077000,2001,UNIVERSIDADE FEDERAL DO AMAZONAS
21001014008P0,"LINGÜÍSTICA, LETRAS E ARTES",LINGUíSTICA E LITERATURA,EM FUNCIONAMENTO,Teresina,LETRAS,4,EM FUNCIONAMENTO,PROGRAMA DE PÓS-GRADUAÇÃO EM LETRAS,21001014008M0,EM FUNCIONAMENTO,4,21001014008D1,64049550,2003,UNIVERSIDADE FEDERAL DO PIAUÍ
24001015034P0,CIÊNCIAS DA SAÚDE,ODONTOLOGIA,EM FUNCIONAMENTO,João Pessoa,Odontologia,4,EM FUNCIONAMENTO,ODONTOLOGIA,24001015034M0,EM FUNCIONAMENTO,4,24001015034D0,58051900,1990,UNIVERSIDADE FEDERAL DA PARAÍBA - CAMPUS JOÃO PESSOA
24001031021P6,CIÊNCIAS AGRÁRIAS,CIÊNCIAS AGRÁRIAS I,EM FUNCIONAMENTO,Areia,Ciência do Solo,3,EM FUNCIONAMENTO,Ciência do Solo,24001031021M6,EM DESATIVACAO,3,24001031021D7,58397000,1977,UNIVERSIDADE FEDERAL DA PARAÍBA - CAMPUS AREIA
24009016007P3,CIÊNCIAS AGRÁRIAS,CIÊNCIAS AGRÁRIAS I,EM FUNCIONAMENTO,Campina Grande,ENGENHARIA AGRÍCOLA,5,EM FUNCIONAMENTO,ENGENHARIA AGRÍCOLA,24009016007M3,EM FUNCIONAMENTO,5,24009016007D4,58109970,1987,UNIVERSIDADE FEDERAL DE CAMPINA GRANDE
25001019013P5,CIÊNCIAS HUMANAS,ANTROPOLOGIA / ARQUEOLOGIA,EM FUNCIONAMENTO,Recife,ANTROPOLOGIA,5,EM FUNCIONAMENTO,ANTROPOLOGIA,25001019013M5,EM FUNCIONAMENTO,5,25001019013D6,50670901,1977,UNIVERSIDADE FEDERAL DE PERNAMBUCO
30001013005P7,CIÊNCIAS EXATAS E DA TERRA,ASTRONOMIA / FÍSICA,EM FUNCIONAMENTO,Vitória,FÍSICA,5,EM FUNCIONAMENTO,FÍSICA,30001013005M7,EM FUNCIONAMENTO,5,30001013005D8,29075910,1992,UNIVERSIDADE FEDERAL DO ESPÍRITO SANTO
31001017005P0,CIÊNCIAS EXATAS E DA TERRA,MATEMÁTICA / PROBABILIDADE E ESTATÍSTICA,EM FUNCIONAMENTO,Rio de Janeiro,ESTATÍSTICA,5,EM FUNCIONAMENTO,ESTATÍSTICA,31001017005M0,EM FUNCIONAMENTO,5,31001017005D0,21941909,1981,UNIVERSIDADE FEDERAL DO RIO DE JANEIRO
31001017015P5,CIÊNCIAS BIOLÓGICAS,CIÊNCIAS BIOLÓGICAS II,EM FUNCIONAMENTO,Rio de Janeiro,CIÊNCIAS BIOLÓGICAS (FARMACOLOGIA E  QUÍMICA MEDICINAL),6,EM FUNCIONAMENTO,CIÊNCIAS BIOLÓGICAS (FARMACOLOGIA E QUÍMICA MEDICINAL),31001017015M5,EM FUNCIONAMENTO,6,31001017015D6,21941902,1974,UNIVERSIDADE FEDERAL DO RIO DE JANEIRO
31002013014P5,ENGENHARIAS,ENGENHARIAS II,EM FUNCIONAMENTO,Seropédica,ENGENHARIA QUÍMICA,4,EM FUNCIONAMENTO,ENGENHARIA QUÍMICA,31002013014M5,EM FUNCIONAMENTO,4,31002013014D6,23897000,2000,UNIVERSIDADE FEDERAL RURAL DO RIO DE JANEIRO
31003010017P4,CIÊNCIAS DA SAÚDE,MEDICINA II,EM FUNCIONAMENTO,Niterói,PATOLOGIA,4,EM FUNCIONAMENTO,PATOLOGIA,31003010017M4,EM FUNCIONAMENTO,4,31003010017D5,24070090,1980,UNIVERSIDADE FEDERAL FLUMINENSE
32001010013P5,CIÊNCIAS SOCIAIS APLICADAS,ECONOMIA,EM FUNCIONAMENTO,Belo Horizonte,ECONOMIA,7,EM FUNCIONAMENTO,ECONOMIA,32001010013M5,EM FUNCIONAMENTO,7,32001010013D6,31270901,1968,UNIVERSIDADE FEDERAL DE MINAS GERAIS
32001010035P9,CIÊNCIAS DA SAÚDE,MEDICINA II,EM FUNCIONAMENTO,Belo Horizonte,CIÊNCIAS DA SAÚDE,4,EM FUNCIONAMENTO,CIÊNCIAS DA SAÚDE,32001010035M9,EM FUNCIONAMENTO,4,32001010035D0,30130100,1987,UNIVERSIDADE FEDERAL DE MINAS GERAIS
32004010014P4,CIÊNCIAS AGRÁRIAS,CIÊNCIAS AGRÁRIAS I,EM FUNCIONAMENTO,Lavras,MICROBIOLOGIA AGRÍCOLA,6,EM FUNCIONAMENTO,MICROBIOLOGIA AGRÍCOLA,32004010014M4,EM FUNCIONAMENTO,6,32004010014D5,37200900,2001,UNIVERSIDADE FEDERAL DE LAVRAS
33002045006P4,ENGENHARIAS,ENGENHARIAS IV,EM FUNCIONAMENTO,São Carlos,BIOENGENHARIA,4,EM FUNCIONAMENTO,BIOENGENHARIA,33002045006M4,EM FUNCIONAMENTO,4,33002045006D5,13566590,1979,UNIVERSIDADE DE SÃO PAULO - CAMPUS SÃO CARLOS
33003017040P8,CIÊNCIAS BIOLÓGICAS,CIÊNCIAS BIOLÓGICAS II,EM DESATIVACAO,Campinas,BIOLOGIA FUNCIONAL E MOLECULAR,6,EM DESATIVACAO,BIOLOGIA FUNCIONAL E MOLECULAR,33003017040M8,EM DESATIVACAO,6,33003017040D9,13083970,1985,UNIVERSIDADE ESTADUAL DE CAMPINAS
33004021075P8,CIÊNCIAS AGRÁRIAS,MEDICINA VETERINÁRIA,EM FUNCIONAMENTO,Araçatuba,CIÊNCIA ANIMAL,5,EM FUNCIONAMENTO,Ciência Animal,33004021075M8,EM FUNCIONAMENTO,5,33004021075D9,16050680,2004,UNIVERSIDADE ESTADUAL PAULISTA JÚLIO DE MESQUITA FILHO - CAMPUS ARAÇATUBA
33004030079P2,CIÊNCIAS HUMANAS,EDUCAÇÃO,EM FUNCIONAMENTO,Araraquara,EDUCAÇÃO ESCOLAR,4,EM FUNCIONAMENTO,EDUCAÇÃO ESCOLAR,33004030079M2,EM FUNCIONAMENTO,4,33004030079D3,14900801,1997,UNIVERSIDADE ESTADUAL PAULISTA JÚLIO DE MESQUITA FILHO - CAMPUS ARARAQUARA
15027007039P2,CIÊNCIAS BIOLÓGICAS,BIODIVERSIDADE,EM FUNCIONAMENTO,Belém,BIODIVERSIDADE E EVOLUÇÃO,4,EM FUNCIONAMENTO,BIODIVERSIDADE E EVOLUÇÃO,15027007039M2,EM FUNCIONAMENTO,4,15027007039D3,66077830,2015,MUSEU PARAENSE EMÍLIO GOELDI
23002018071P6,MULTIDISCIPLINAR,ENSINO,EM FUNCIONAMENTO,Mossoró,ENSINO,4,EM FUNCIONAMENTO,PROGRAMA DE PÓS-GRADUAÇÃO EM ENSINO - POSENSINO,23002018071M6,EM FUNCIONAMENTO,4,23002018071D7,59600970,2016,UNIVERSIDADE FEDERAL RURAL DO SEMI-ÁRIDO
32012012170P1,CIÊNCIAS DA SAÚDE,"EDUCAÇÃO FÍSICA, FISIOTERAPIA, FONOAUDIOLOGIA E TERAPIA OCUPACIONAL",EM FUNCIONAMENTO,Uberaba,FISIOTERAPIA,3,EM FUNCIONAMENTO,Não,32012012170M1,,3,,38025350,2016,UNIVERSIDADE FEDERAL DE UBERLÂNDIA
23009004003P0,CIÊNCIAS SOCIAIS APLICADAS,DIREITO,EM FUNCIONAMENTO,Fortaleza,DIREITO,4,EM FUNCIONAMENTO,DIREITO,23009004003M0,EM FUNCIONAMENTO,4,23009004003D0,60192345,2017,CENTRO UNIVERSITÁRIO CHRISTUS
33001014071P8,CIÊNCIAS HUMANAS,GEOGRAFIA,EM FUNCIONAMENTO,Sorocaba,GEOGRAFIA,4,EM FUNCIONAMENTO,Não,33001014071M8,,4,,18052780,2017,UNIVERSIDADE FEDERAL DE SÃO CARLOS
13001019040P9,CIÊNCIAS SOCIAIS APLICADAS,COMUNICAÇÃO E INFORMAÇÃO E MUSEOLOGIA,EM FUNCIONAMENTO,Boa Vista,COMUNICAÇÃO,3,EM FUNCIONAMENTO,Não,13001019040M9,,3,,69310000,2019,UNIVERSIDADE FEDERAL DE RORAIMA
20009011041P6,MULTIDISCIPLINAR,INTERDISCIPLINAR,EM FUNCIONAMENTO,São Luís,Biociências Aplicadas à Saúde,3,EM FUNCIONAMENTO,Não,20009011041M6,,3,,65075120,2019,UNIVERSIDADE CEUMA
41012011003P3,CIÊNCIAS HUMANAS,EDUCAÇÃO,EM FUNCIONAMENTO,Camboriú,EDUCAÇÃO,3,EM FUNCIONAMENTO,Não,41012011003M3,,3,,88340055,2019,"INSTITUTO FEDERAL DE EDUCAÇÃO, CIÊNCIA E TECNOLOGIA CATARINENSE"
40043010011P5,CIÊNCIAS SOCIAIS APLICADAS,ECONOMIA,EM FUNCIONAMENTO,Foz do Iguaçu,ECONOMIA,3,EM FUNCIONAMENTO,Não,40043010011M5,,3,,85867000,2019,UNIVERSIDADE FEDERAL DA INTEGRAÇÃO LATINO-AMERICANA
33006016018P1,CIÊNCIAS SOCIAIS APLICADAS,DIREITO,EM FUNCIONAMENTO,Campinas,DIREITO,3,EM FUNCIONAMENTO,Não,33006016018M1,,3,,13087571,2019,PONTIFÍCIA UNIVERSIDADE CATÓLICA DE CAMPINAS
32007019054P1,ENGENHARIAS,ENGENHARIAS III,EM FUNCIONAMENTO,Ouro Preto,ENGENHARIA MECÂNICA,3,EM FUNCIONAMENTO,Não,32007019054M1,,3,,35400000,2019,UNIVERSIDADE FEDERAL DE OURO PRETO
31004016162P7,"LINGÜÍSTICA, LETRAS E ARTES",ARTES,EM FUNCIONAMENTO,Rio de Janeiro,HISTÓRIA DA ARTE GLOBAL,4,EM FUNCIONAMENTO,HISTÓRIA DA ARTE GLOBAL,31004016162M7,EM FUNCIONAMENTO,4,31004016162D8,20550013,2019,UNIVERSIDADE DO ESTADO DO RIO DE JANEIRO
33034010008P2,MULTIDISCIPLINAR,INTERDISCIPLINAR,EM FUNCIONAMENTO,Marília,INTERAÇÕES ESTRUTURAIS E FUNCIONAIS NA REABILITAÇÃO,4,EM FUNCIONAMENTO,INTERAÇÕES ESTRUTURAIS E FUNCIONAIS NA REABILITAÇÃO,33034010008M2,EM FUNCIONAMENTO,4,33034010008D3,17525102,2018,UNIVERSIDADE DE MARÍLIA
32020015011P0,ENGENHARIAS,ENGENHARIAS II,EM FUNCIONAMENTO,Araxá,ENGENHARIA DE MINAS,3,EM FUNCIONAMENTO,Não,32020015011F2,,3,,38180510,2019,CENTRO FEDERAL DE EDUCAÇÃO TECNOLÓGICA DE MINAS GERAIS
20001010052P7,"LINGÜÍSTICA, LETRAS E ARTES",LINGUíSTICA E LITERATURA,EM FUNCIONAMENTO,Bacabal,LETRAS,3,EM FUNCIONAMENTO,Não,20001010052M7,,3,,65700000,2019,UNIVERSIDADE FEDERAL DO MARANHÃO
28001010177P0,CIÊNCIAS HUMANAS,CIÊNCIA POLÍTICA E RELAÇÕES INTERNACIONAIS,EM FUNCIONAMENTO,Salvador,CIÊNCIA POLÍTICA,A,EM FUNCIONAMENTO,Não,28001010177M0,,A,,40110903,2021,UNIVERSIDADE FEDERAL DA BAHIA
41020014015P0,CIÊNCIAS DA SAÚDE,MEDICINA II,EM FUNCIONAMENTO,Chapecó,PROGRAMA DE PÓS-GRADUAÇÃO EM CIÊNCIAS BIOMÉDICAS (PPGCB),3,EM FUNCIONAMENTO,Não,41020014015M0,,3,,89802112,2020,UNIVERSIDADE FEDERAL DA FRONTEIRA SUL
16011015002P0,MULTIDISCIPLINAR,INTERDISCIPLINAR,EM FUNCIONAMENTO,Gurupi,EDUCAÇÃO SOCIAL,A,EM FUNCIONAMENTO,Não,16011015002F2,,A,,77423250,2025,UNIVERSIDADE DE GURUPI
24009016175P3,CIÊNCIAS HUMANAS,PSICOLOGIA,EM FUNCIONAMENTO,Campina Grande,PSICOLOGIA,A,EM FUNCIONAMENTO,Não,24009016175M3,,A,,58429900,2025,UNIVERSIDADE FEDERAL DE CAMPINA GRANDE
22001018001P9,CIÊNCIAS HUMANAS,EDUCAÇÃO,EM FUNCIONAMENTO,Fortaleza,EDUCAÇÃO,4,EM FUNCIONAMENTO,EDUCAÇÃO,22001018001M9,EM FUNCIONAMENTO,4,22001018001D0,60020180,1977,UNIVERSIDADE FEDERAL DO CEARÁ
30001013001P1,CIÊNCIAS HUMANAS,EDUCAÇÃO,EM FUNCIONAMENTO,Vitória,EDUCAÇÃO,6,EM FUNCIONAMENTO,EDUCAÇÃO,30001013001M1,EM FUNCIONAMENTO,6,30001013001D2,29075910,1978,UNIVERSIDADE FEDERAL DO ESPÍRITO SANTO
31005012007P8,CIÊNCIAS HUMANAS,CIÊNCIAS DA RELIGIÃO E TEOLOGIA,EM FUNCIONAMENTO,Rio de Janeiro,TEOLOGIA,5,EM FUNCIONAMENTO,TEOLOGIA,31005012007M8,EM FUNCIONAMENTO,5,31005012007D9,22453900,1972,PONTIFÍCIA UNIVERSIDADE CATÓLICA DO RIO DE JANEIRO
33002010150P1,CIÊNCIAS AGRÁRIAS,MEDICINA VETERINÁRIA,EM FUNCIONAMENTO,São Paulo,CLÍNICA VETERINÁRIA,5,EM FUNCIONAMENTO,CLÍNICA VETERINÁRIA,33002010150M1,EM FUNCIONAMENTO,5,33002010150D2,05508270,1991,UNIVERSIDADE DE SÃO PAULO
33003017027P1,CIÊNCIAS AGRÁRIAS,CIÊNCIA DE ALIMENTOS,EM FUNCIONAMENTO,Campinas,CIÊNCIA DE ALIMENTOS,7,EM FUNCIONAMENTO,CIÊNCIA DE ALIMENTOS,33003017027M1,EM FUNCIONAMENTO,7,33003017027D2,13083862,1969,UNIVERSIDADE ESTADUAL DE CAMPINAS
33003017051P0,CIÊNCIAS BIOLÓGICAS,CIÊNCIAS BIOLÓGICAS II,EM FUNCIONAMENTO,Campinas,FARMACOLOGIA,5,EM FUNCIONAMENTO,FARMACOLOGIA,33003017051M0,EM FUNCIONAMENTO,5,33003017051D0,13083887,1989,UNIVERSIDADE ESTADUAL DE CAMPINAS
53001010066P4,CIÊNCIAS DA SAÚDE,"EDUCAÇÃO FÍSICA, FISIOTERAPIA, FONOAUDIOLOGIA E TERAPIA OCUPACIONAL",EM FUNCIONAMENTO,Brasília,EDUCAÇÃO FÍSICA,5,EM FUNCIONAMENTO,Educação Física,53001010066M4,EM FUNCIONAMENTO,5,53001010066D5,70910900,2006,UNIVERSIDADE DE BRASÍLIA
33004048021P6,CIÊNCIAS HUMANAS,PSICOLOGIA,EM FUNCIONAMENTO,Assis,PSICOLOGIA,4,EM FUNCIONAMENTO,PSICOLOGIA,33004048021M6,EM FUNCIONAMENTO,4,33004048021D7,19806900,1995,UNIVERSIDADE ESTADUAL PAULISTA JÚLIO DE MESQUITA FILHO - CAMPUS ASSIS
33004056081P4,CIÊNCIAS SOCIAIS APLICADAS,COMUNICAÇÃO E INFORMAÇÃO E MUSEOLOGIA,EM FUNCIONAMENTO,Bauru,COMUNICAÇÃO MIDIÁTICA,5,EM FUNCIONAMENTO,Comunicação,33004056081M4,EM FUNCIONAMENTO,5,33004056081D5,17033360,2001,UNIVERSIDADE ESTADUAL PAULISTA JÚLIO DE MESQUITA FILHO - CAMPUS BAURU
33004064012P8,CIÊNCIAS BIOLÓGICAS,BIODIVERSIDADE,EM FUNCIONAMENTO,Botucatu,CIÊNCIAS BIOLÓGICAS (ZOOLOGIA),6,EM FUNCIONAMENTO,CIÊNCIAS BIOLÓGICAS (ZOOLOGIA),33004064012M8,EM FUNCIONAMENTO,6,33004064012D9,18618689,1980,UNIVERSIDADE ESTADUAL PAULISTA JÚLIO DE MESQUITA FILHO - CAMPUS BOTUCATU
33004064025P2,CIÊNCIAS BIOLÓGICAS,BIODIVERSIDADE,EM FUNCIONAMENTO,Botucatu,Biologia Vegetal,6,EM FUNCIONAMENTO,Biologia Vegetal,33004064025M2,EM FUNCIONAMENTO,6,33004064025D3,18618689,1981,UNIVERSIDADE ESTADUAL PAULISTA JÚLIO DE MESQUITA FILHO - CAMPUS RIO CLARO
33010013009P6,ENGENHARIAS,ENGENHARIAS III,EM DESATIVACAO,São José dos Campos,ENGENHARIA E TECNOLOGIA ESPACIAIS,2,EM DESATIVACAO,ENGENHARIA E TECNOLOGIA ESPACIAIS,33010013009M6,EM DESATIVACAO,2,33010013009D7,12227010,1994,INSTITUTO NACIONAL DE PESQUISAS ESPACIAIS
40001016005P5,CIÊNCIAS BIOLÓGICAS,BIODIVERSIDADE,EM FUNCIONAMENTO,Curitiba,CIÊNCIAS BIOLÓGICAS (ENTOMOLOGIA),5,EM FUNCIONAMENTO,CIÊNCIAS BIOLÓGICAS (ENTOMOLOGIA),40001016005M5,EM FUNCIONAMENTO,5,40001016005D6,81531980,1969,UNIVERSIDADE FEDERAL DO PARANÁ
40006018002P8,MULTIDISCIPLINAR,INTERDISCIPLINAR,EM FUNCIONAMENTO,Curitiba,Tecnologia e Sociedade,5,EM FUNCIONAMENTO,Tecnologia e Sociedade,40006018002M8,EM FUNCIONAMENTO,5,40006018002D9,80230901,1995,UNIVERSIDADE TECNOLÓGICA FEDERAL DO PARANÁ
41001010001P6,CIÊNCIAS EXATAS E DA TERRA,MATEMÁTICA / PROBABILIDADE E ESTATÍSTICA,EM FUNCIONAMENTO,Florianópolis,Matemática Pura e Aplicada,5,EM FUNCIONAMENTO,Matemática Pura e Aplicada,41001010001M6,EM FUNCIONAMENTO,5,41001010001D7,88040900,1976,UNIVERSIDADE FEDERAL DE SANTA CATARINA
41001010009P7,CIÊNCIAS DA SAÚDE,ENFERMAGEM,EM FUNCIONAMENTO,Florianópolis,ENFERMAGEM,6,EM FUNCIONAMENTO,ENFERMAGEM,41001010009M7,EM FUNCIONAMENTO,6,41001010009D8,88040900,1976,UNIVERSIDADE FEDERAL DE SANTA CATARINA
41001010016P3,CIÊNCIAS HUMANAS,GEOGRAFIA,EM FUNCIONAMENTO,Florianópolis,GEOGRAFIA,5,EM FUNCIONAMENTO,GEOGRAFIA,41001010016M3,EM FUNCIONAMENTO,5,41001010016D4,88040900,1985,UNIVERSIDADE FEDERAL DE SANTA CATARINA
41001010025P2,CIÊNCIAS EXATAS E DA TERRA,COMPUTAÇÃO,EM FUNCIONAMENTO,Florianópolis,CIÊNCIAS DA COMPUTAÇÃO,5,EM FUNCIONAMENTO,Ciência da Computação,41001010025M2,EM FUNCIONAMENTO,5,41001010025D3,88040900,1992,UNIVERSIDADE FEDERAL DE SANTA CATARINA
41001010037P0,MULTIDISCIPLINAR,INTERDISCIPLINAR,EM FUNCIONAMENTO,Florianópolis,Não,5,,INTERDISCIPLINAR EM CIÊNCIAS HUMANAS,,EM FUNCIONAMENTO,,41001010037D1,88040900,1995,UNIVERSIDADE FEDERAL DE SANTA CATARINA
41006011003P7,MULTIDISCIPLINAR,CIÊNCIAS AMBIENTAIS,EM FUNCIONAMENTO,Blumenau,CIÊNCIAS AMBIENTAIS,5,EM FUNCIONAMENTO,CIÊNCIAS AMBIENTAIS,41006011003M7,EM FUNCIONAMENTO,5,41006011003D8,89030000,1998,UNIVERSIDADE REGIONAL DE BLUMENAU
41006011005P0,CIÊNCIAS EXATAS E DA TERRA,QUÍMICA,EM FUNCIONAMENTO,Blumenau,QUÍMICA,4,EM FUNCIONAMENTO,QUÍMICA,41006011005M0,EM PROJETO,4,41006011005D0,89010500,2002,UNIVERSIDADE REGIONAL DE BLUMENAU
42001013007P3,CIÊNCIAS BIOLÓGICAS,BIODIVERSIDADE,EM FUNCIONAMENTO,Porto Alegre,BOTÂNICA,5,EM FUNCIONAMENTO,BOTÂNICA,42001013007M3,EM FUNCIONAMENTO,5,42001013007D4,91501970,1969,UNIVERSIDADE FEDERAL DO RIO GRANDE DO SUL
42001013011P0,CIÊNCIAS BIOLÓGICAS,CIÊNCIAS BIOLÓGICAS II,EM FUNCIONAMENTO,Porto Alegre,CIÊNCIAS BIOLÓGICAS (NEUROCIÊNCIAS),5,EM FUNCIONAMENTO,NEUROCIÊNCIAS,42001013011M0,EM FUNCIONAMENTO,5,42001013011D1,90035003,1996,UNIVERSIDADE FEDERAL DO RIO GRANDE DO SUL
42001013006P7,CIÊNCIAS BIOLÓGICAS,CIÊNCIAS BIOLÓGICAS II,EM FUNCIONAMENTO,Porto Alegre,CIÊNCIAS BIOLÓGICAS (BIOQUÍMICA),7,EM FUNCIONAMENTO,CIÊNCIAS BIOLÓGICAS (BIOQUÍMICA),42001013006M7,EM FUNCIONAMENTO,7,42001013006D8,90035003,1968,UNIVERSIDADE FEDERAL DO RIO GRANDE DO SUL
42001013032P8,CIÊNCIAS HUMANAS,FILOSOFIA,EM FUNCIONAMENTO,Porto Alegre,FILOSOFIA,6,EM FUNCIONAMENTO,FILOSOFIA,42001013032M8,EM FUNCIONAMENTO,6,42001013032D9,90050170,1981,UNIVERSIDADE FEDERAL DO RIO GRANDE DO SUL
27002012002P5,MULTIDISCIPLINAR,INTERDISCIPLINAR,EM FUNCIONAMENTO,Aracaju,BIOCIÊNCIAS E SAÚDE,5,EM FUNCIONAMENTO,BIOCIÊNCIAS E SAÚDE,27002012002M5,EM FUNCIONAMENTO,5,27002012002D6,49032490,2006,UNIVERSIDADE TIRADENTES
32016018002P7,CIÊNCIAS AGRÁRIAS,CIÊNCIAS AGRÁRIAS I,EM FUNCIONAMENTO,Alfenas,SISTEMAS DE PRODUÇÃO NA AGROPECUÁRIA,4,EM FUNCIONAMENTO,Não,32016018002F0,,4,,37132440,2006,UNIVERSIDADE PROFESSOR EDSON ANTÔNIO VELANO
31004016048P0,CIÊNCIAS SOCIAIS APLICADAS,"ADMINISTRAÇÃO PÚBLICA E DE EMPRESAS, CIÊNCIAS CONTÁBEIS E TURISMO",EM FUNCIONAMENTO,Rio de Janeiro,CIÊNCIAS CONTÁBEIS,3,EM FUNCIONAMENTO,Não,31004016048M0,,3,,20550013,2006,UNIVERSIDADE DO ESTADO DO RIO DE JANEIRO
22003010017P5,MULTIDISCIPLINAR,BIOTECNOLOGIA,EM FUNCIONAMENTO,João Pessoa,Não,6,,BIOTECNOLOGIA - UFC - UFPE - UFRN -,,EM FUNCIONAMENTO,,22003010017D6,58051900,2006,UNIVERSIDADE ESTADUAL DO CEARÁ
51001012022P8,MULTIDISCIPLINAR,ENSINO,EM FUNCIONAMENTO,Campo Grande,ENSINO DE CIÊNCIAS,4,EM FUNCIONAMENTO,ENSINO DE CIÊNCIAS,51001012022M8,EM FUNCIONAMENTO,4,51001012022D9,79070900,2007,UNIVERSIDADE FEDERAL DE MATO GROSSO DO SUL
13001019004P2,CIÊNCIAS AGRÁRIAS,CIÊNCIAS AGRÁRIAS I,EM FUNCIONAMENTO,Boa Vista,AGRONOMIA,4,EM FUNCIONAMENTO,Agronomia,13001019004M2,EM FUNCIONAMENTO,4,13001019004D3,69310000,2007,UNIVERSIDADE FEDERAL DE RORAIMA
32002017033P2,CIÊNCIAS AGRÁRIAS,CIÊNCIAS AGRÁRIAS I,EM FUNCIONAMENTO,Viçosa,ESTATÍSTICA APLICADA E BIOMETRIA,5,EM FUNCIONAMENTO,Estatística Aplicada e Biometria,32002017033M2,EM FUNCIONAMENTO,5,32002017033D3,36570900,2006,UNIVERSIDADE FEDERAL DE VIÇOSA
33106010003P1,CIÊNCIAS SOCIAIS APLICADAS,COMUNICAÇÃO E INFORMAÇÃO E MUSEOLOGIA,EM FUNCIONAMENTO,São Paulo,COMUNICAÇÃO,4,EM FUNCIONAMENTO,COMUNICAÇÃO,33106010003M1,EM FUNCIONAMENTO,4,33106010003D2,03101001,2006,UNIVERSIDADE ANHEMBI MORUMBI
31011012012P8,CIÊNCIAS HUMANAS,HISTÓRIA,EM FUNCIONAMENTO,Rio de Janeiro,"HISTÓRIA, POLÍTICA E BENS CULTURAIS",5,EM FUNCIONAMENTO,"HISTÓRIA, POLÍTICA E BENS CULTURAIS",31011012012M8,EM FUNCIONAMENTO,5,31011012012D9,22250900,2007,FUNDAÇÃO GETULIO VARGAS - RIO DE JANEIRO
52002012013P8,CIÊNCIAS HUMANAS,HISTÓRIA,EM FUNCIONAMENTO,Goiânia,HISTÓRIA,4,EM FUNCIONAMENTO,HISTÓRIA,52002012013M8,EM FUNCIONAMENTO,4,52002012013D9,74605080,2007,PONTIFÍCIA UNIVERSIDADE CATÓLICA DE GOIÁS
40002012032P9,CIÊNCIAS HUMANAS,HISTÓRIA,EM FUNCIONAMENTO,Londrina,HISTÓRIA SOCIAL,4,EM FUNCIONAMENTO,Não,40002012032M9,,4,,86051990,2007,UNIVERSIDADE ESTADUAL DE LONDRINA
32001010075P0,MULTIDISCIPLINAR,CIÊNCIAS AMBIENTAIS,EM FUNCIONAMENTO,Belo Horizonte,ANÁLISE E MODELAGEM DE SISTEMAS AMBIENTAIS,4,EM FUNCIONAMENTO,ANÁLISE E MODELAGEM DE SISTEMAS AMBIENTAIS,32001010075M0,EM FUNCIONAMENTO,4,32001010075D1,31270901,2007,UNIVERSIDADE FEDERAL DE MINAS GERAIS
40001016056P9,ENGENHARIAS,ENGENHARIAS II,EM FUNCIONAMENTO,Curitiba,ENGENHARIA QUÍMICA,4,EM FUNCIONAMENTO,ENGENHARIA QUÍMICA,40001016056M9,EM FUNCIONAMENTO,4,40001016056D0,81531980,2007,UNIVERSIDADE FEDERAL DO PARANÁ
53001010067P0,CIÊNCIAS AGRÁRIAS,MEDICINA VETERINÁRIA,EM FUNCIONAMENTO,Brasília,CIÊNCIAS ANIMAIS,6,EM FUNCIONAMENTO,CIÊNCIAS ANIMAIS,53001010067M0,EM FUNCIONAMENTO,6,53001010067D1,70910900,2007,UNIVERSIDADE DE BRASÍLIA
33003017086P8,MULTIDISCIPLINAR,INTERDISCIPLINAR,EM FUNCIONAMENTO,Campinas,DIVULGAÇÃO CIENTÍFICA E CULTURAL,5,EM FUNCIONAMENTO,DIVULGAÇÃO CIENTÍFICA E CULTURAL,33003017086M8,EM PROJETO,5,33003017086D9,13083873,2008,UNIVERSIDADE ESTADUAL DE CAMPINAS
33140014001P8,CIÊNCIAS BIOLÓGICAS,BIODIVERSIDADE,EM FUNCIONAMENTO,Nazaré Paulista,CONSERVAÇÃO DA BIODIVERSIDADE E DESENVOLVIMENTO SUSTENTÁVEL,4,EM FUNCIONAMENTO,Não,33140014001F0,,4,,12960000,2008,INSTITUTO DE PESQUISAS ECOLÓGICAS
12001015025P7,CIÊNCIAS AGRÁRIAS,ZOOTECNIA / RECURSOS PESQUEIROS,EM FUNCIONAMENTO,Manaus,Ciência Animal e Recursos Pesqueiros,4,EM FUNCIONAMENTO,Ciência Animal e Recursos Pesqueiros,12001015025M7,EM FUNCIONAMENTO,4,12001015025D8,69077000,2007,UNIVERSIDADE FEDERAL DO AMAZONAS
24009016018P5,CIÊNCIAS HUMANAS,HISTÓRIA,EM FUNCIONAMENTO,Campina Grande,HISTORIA,3,EM FUNCIONAMENTO,Não,24009016018M5,,3,,58429900,2007,UNIVERSIDADE FEDERAL DE CAMPINA GRANDE
42001013093P7,"LINGÜÍSTICA, LETRAS E ARTES",ARTES,EM FUNCIONAMENTO,Porto Alegre,ARTES CÊNICAS,5,EM FUNCIONAMENTO,DOUTORADO EM ARTES CÊNICAS,42001013093M7,EM FUNCIONAMENTO,5,42001013093D8,90020171,2007,UNIVERSIDADE FEDERAL DO RIO GRANDE DO SUL
41001010065P4,ENGENHARIAS,ENGENHARIAS IV,EM FUNCIONAMENTO,Florianópolis,ENGENHARIA DE AUTOMAÇÃO E SISTEMAS,6,EM FUNCIONAMENTO,ENGENHARIA DE AUTOMAÇÃO E SISTEMAS,41001010065M4,EM FUNCIONAMENTO,6,41001010065D5,88040900,2007,UNIVERSIDADE FEDERAL DE SANTA CATARINA
22003010020P6,CIÊNCIAS HUMANAS,HISTÓRIA,EM DESATIVACAO,Fortaleza,HISTÓRIA E CULTURAS,2,EM DESATIVACAO,Não,22003010020M6,,2,,60714903,2006,UNIVERSIDADE ESTADUAL DO CEARÁ
42039010002P8,MULTIDISCIPLINAR,INTERDISCIPLINAR,EM FUNCIONAMENTO,Santa Maria,NANOCIÊNCIAS,5,EM FUNCIONAMENTO,Nanociências,42039010002M8,EM FUNCIONAMENTO,5,42039010002D9,97010491,2007,UNIVERSIDADE FRANCISCANA
21001014013P4,CIÊNCIAS BIOLÓGICAS,CIÊNCIAS BIOLÓGICAS II,EM FUNCIONAMENTO,Teresina,FARMACOLOGIA,4,EM FUNCIONAMENTO,FARMACOLOGIA,21001014013M4,EM FUNCIONAMENTO,4,21001014013D5,64049550,2007,UNIVERSIDADE FEDERAL DO PIAUÍ
30007011002P6,CIÊNCIAS SOCIAIS APLICADAS,"ADMINISTRAÇÃO PÚBLICA E DE EMPRESAS, CIÊNCIAS CONTÁBEIS E TURISMO",EM FUNCIONAMENTO,Vitória,ADMINISTRAÇÃO - Mestrado,4,EM FUNCIONAMENTO,Não,30007011002F9,,4,,29075505,2007,"FUNDAÇÃO INSTITUTO CAPIXABA DE PESQUISAS EM CONTABILIDADE, ECONOMIA E FINANÇAS"
42001013096P6,CIÊNCIAS SOCIAIS APLICADAS,"ARQUITETURA, URBANISMO E DESIGN",EM FUNCIONAMENTO,Porto Alegre,PRODESIGN,6,EM FUNCIONAMENTO,Design,42001013096M6,EM FUNCIONAMENTO,6,42001013096D7,90035190,2007,UNIVERSIDADE FEDERAL DO RIO GRANDE DO SUL
26006014002P8,MULTIDISCIPLINAR,CIÊNCIAS AMBIENTAIS,EM FUNCIONAMENTO,Maceió,ANÁLISE DE SISTEMAS AMBIENTAIS,4,EM FUNCIONAMENTO,Não,26006014002F0,,4,,57051560,2016,CENTRO UNIVERSITÁRIO CESMAC
23001011170P8,CIÊNCIAS BIOLÓGICAS,CIÊNCIAS BIOLÓGICAS I,EM FUNCIONAMENTO,Natal,BIOINFORMÁTICA,5,EM FUNCIONAMENTO,BIOINFORMÁTICA,23001011170M8,EM FUNCIONAMENTO,5,23001011170D9,59078970,2016,UNIVERSIDADE FEDERAL DO RIO GRANDE DO NORTE
42015014012P4,CIÊNCIAS HUMANAS,PSICOLOGIA,EM FUNCIONAMENTO,Porto Alegre,PROGRAMA DE PÓS-GRADUAÇÃO EM PSICOLOGIA E SAÚDE,4,EM FUNCIONAMENTO,Não,42015014012M4,,4,,90050170,2016,UNIVERSIDADE FEDERAL DE CIÊNCIAS DA SAÚDE DE PORTO ALEGRE
33009015177P1,MULTIDISCIPLINAR,INTERDISCIPLINAR,EM FUNCIONAMENTO,São Paulo,INTERDISCIPLINAR EM INOVAÇÃO TECNOLÓGICA,4,EM FUNCIONAMENTO,INOVAÇÃO TECNOLÓGICA,33009015177F4,EM FUNCIONAMENTO,4,33009015177R8,04021001,2017,UNIVERSIDADE FEDERAL DE SÃO PAULO
33009015176P5,ENGENHARIAS,ENGENHARIAS II,EM FUNCIONAMENTO,Diadema,ENGENHARIA QUÍMICA,3,EM FUNCIONAMENTO,Não,33009015176M5,,3,,09913030,2018,UNIVERSIDADE FEDERAL DE SÃO PAULO
27001016175P0,CIÊNCIAS SOCIAIS APLICADAS,COMUNICAÇÃO E INFORMAÇÃO E MUSEOLOGIA,EM FUNCIONAMENTO,São Cristóvão,CIÊNCIA DA INFORMAÇÃO,4,EM FUNCIONAMENTO,DOUTORADO EM CIÊNCIA DA INFORMAÇÃO,27001016175F3,EM FUNCIONAMENTO,4,27001016175R7,49100000,2017,UNIVERSIDADE FEDERAL DE SERGIPE
31003010173P6,CIÊNCIAS HUMANAS,ANTROPOLOGIA / ARQUEOLOGIA,EM FUNCIONAMENTO,Niterói,JUSTIÇA E SEGURANÇA,3,EM FUNCIONAMENTO,Não,31003010173M6,,3,,24220900,2019,UNIVERSIDADE FEDERAL FLUMINENSE
53062000001P8,CIÊNCIAS HUMANAS,CIÊNCIA POLÍTICA E RELAÇÕES INTERNACIONAIS,EM FUNCIONAMENTO,Brasília,POLÍTICAS PÚBLICAS E GOVERNO,3,EM FUNCIONAMENTO,Não,53062000001M8,,3,,70830051,2019,FUNDAÇÃO GETULIO VARGAS - BRASÍLIA
31001017181P2,CIÊNCIAS SOCIAIS APLICADAS,COMUNICAÇÃO E INFORMAÇÃO E MUSEOLOGIA,EM FUNCIONAMENTO,Rio de Janeiro,"ORGANIZAÇÃO DO CONHECIMENTO, TECNOLOGIAS E SOCIEDADE",A,EM FUNCIONAMENTO,Não,31001017181F5,,A,,21941853,2025,UNIVERSIDADE FEDERAL DO RIO DE JANEIRO
28049012009P4,MULTIDISCIPLINAR,INTERDISCIPLINAR,EM FUNCIONAMENTO,Barreiras,"ARTE, COMUNICAÇÃO E TERRITORIALIDADES",A,EM FUNCIONAMENTO,Não,28049012009F7,,A,,47808021,2025,UNIVERSIDADE FEDERAL DO OESTE DA BAHIA
12002011010P6,CIÊNCIAS AGRÁRIAS,CIÊNCIAS AGRÁRIAS I,EM FUNCIONAMENTO,Manaus,AGRICULTURA NO TRÓPICO ÚMIDO,4,EM FUNCIONAMENTO,AGRICULTURA NO TRÓPICO ÚMIDO,12002011010M6,EM FUNCIONAMENTO,4,12002011010D7,69067375,2002,INSTITUTO NACIONAL DE PESQUISAS DA AMAZÔNIA
25001019027P6,CIÊNCIAS DA SAÚDE,FARMÁCIA,EM FUNCIONAMENTO,Recife,CIÊNCIAS FARMACÊUTICAS,4,EM FUNCIONAMENTO,CIÊNCIAS FARMACÊUTICAS,25001019027M6,EM FUNCIONAMENTO,4,25001019027D7,50740600,1976,UNIVERSIDADE FEDERAL DE PERNAMBUCO
28001010020P3,CIÊNCIAS SOCIAIS APLICADAS,"ADMINISTRAÇÃO PÚBLICA E DE EMPRESAS, CIÊNCIAS CONTÁBEIS E TURISMO",EM FUNCIONAMENTO,Salvador,ADMINISTRAÇÃO,4,EM FUNCIONAMENTO,ADMINISTRAÇÃO,28001010020M3,EM FUNCIONAMENTO,4,28001010020D4,40110903,1983,UNIVERSIDADE FEDERAL DA BAHIA
28001010023P2,CIÊNCIAS HUMANAS,SOCIOLOGIA,EM FUNCIONAMENTO,Salvador,CIÊNCIAS SOCIAIS,5,EM FUNCIONAMENTO,CIÊNCIAS SOCIAIS,28001010023M2,EM FUNCIONAMENTO,5,28001010023D3,40210730,1990,UNIVERSIDADE FEDERAL DA BAHIA
28001010039P6,CIÊNCIAS BIOLÓGICAS,BIODIVERSIDADE,EM FUNCIONAMENTO,Salvador,Ecologia,4,EM FUNCIONAMENTO,ECOLOGIA,28001010039M6,EM FUNCIONAMENTO,4,28001010039D7,40170115,2000,UNIVERSIDADE FEDERAL DA BAHIA
28007018006P5,CIÊNCIAS BIOLÓGICAS,BIODIVERSIDADE,EM FUNCIONAMENTO,Ilhéus,SISTEMAS AQUÁTICOS TROPICAIS,3,EM FUNCIONAMENTO,Não,28007018006M5,,3,,45662900,2004,UNIVERSIDADE FEDERAL DO SUL DA BAHIA
28013018001P0,CIÊNCIAS SOCIAIS APLICADAS,PLANEJAMENTO URBANO E REGIONAL / DEMOGRAFIA,EM FUNCIONAMENTO,Salvador,DESENVOLVIMENTO REGIONAL E URBANO,4,EM FUNCIONAMENTO,DESENVOLVIMENTO REGIONAL E URBANO,28013018001M0,EM FUNCIONAMENTO,4,28013018001D0,41820021,1999,UNIVERSIDADE SALVADOR
33110018003P5,CIÊNCIAS HUMANAS,EDUCAÇÃO,EM FUNCIONAMENTO,São Caetano do Sul,DOCÊNCIA E GESTÃO EDUCACIONAL,4,EM FUNCIONAMENTO,DOCÊNCIA E GESTÃO EDUCACIONAL,33110018003F8,EM FUNCIONAMENTO,4,33110018003R1,09530060,2016,UNIVERSIDADE MUNICIPAL DE SÃO CAETANO DO SUL
32001010172P6,CIÊNCIAS SOCIAIS APLICADAS,COMUNICAÇÃO E INFORMAÇÃO E MUSEOLOGIA,EM FUNCIONAMENTO,Belo Horizonte,GESTÃO & ORGANIZAÇÃO DO CONHECIMENTO,5,EM FUNCIONAMENTO,GESTÃO & ORGANIZAÇÃO DO CONHECIMENTO,32001010172M6,EM FUNCIONAMENTO,5,32001010172D7,31270901,2016,UNIVERSIDADE FEDERAL DE MINAS GERAIS
41002016165P1,CIÊNCIAS SOCIAIS APLICADAS,"ARQUITETURA, URBANISMO E DESIGN",EM FUNCIONAMENTO,Florianópolis,DESIGN DE VESTUÁRIO E MODA,4,EM FUNCIONAMENTO,DESIGN DE VESTUÁRIO E MODA,41002016165F4,EM FUNCIONAMENTO,4,41002016165R8,88035001,2017,UNIVERSIDADE DO ESTADO DE SANTA CATARINA
40043010008P4,ENGENHARIAS,ENGENHARIAS I,EM FUNCIONAMENTO,Foz do Iguaçu,ENGENHARIA CIVIL,3,EM FUNCIONAMENTO,Não,40043010008M4,,3,,85867970,2016,UNIVERSIDADE FEDERAL DA INTEGRAÇÃO LATINO-AMERICANA
33009015178P8,CIÊNCIAS EXATAS E DA TERRA,BIODIVERSIDADE,EM FUNCIONAMENTO,São Paulo,BIODIVERSIDADE E ECOLOGIA MARINHA E COSTEIRA,4,EM FUNCIONAMENTO,BIODIVERSIDADE MARINHA E ECOLOGIA MARINHA E COSTERIA,33009015178M8,EM FUNCIONAMENTO,4,33009015178D9,04021001,2017,UNIVERSIDADE FEDERAL DE SÃO PAULO
15025012072P2,MULTIDISCIPLINAR,ENSINO,EM FUNCIONAMENTO,Marabá,EDUCAÇÃO EM CIÊNCIAS E MATEMÁTICA,3,EM FUNCIONAMENTO,Não,15025012072M2,,3,,68507590,2018,UNIVERSIDADE FEDERAL DO SUL E SUDESTE DO PARÁ
40004015075P2,CIÊNCIAS DA SAÚDE,MEDICINA III,EM FUNCIONAMENTO,Maringá,"GESTÃO, TECNOLOGIA E INOVAÇÃO EM URGÊNCIA E EMERGÊNCIA",3,EM FUNCIONAMENTO,Não,40004015075F5,,3,,87083240,2019,UNIVERSIDADE ESTADUAL DE MARINGÁ
52016013003P0,CIÊNCIAS SOCIAIS APLICADAS,DIREITO,EM FUNCIONAMENTO,Goiânia,DIREITO CONSTITUCIONAL ECONÔMICO,3,EM FUNCIONAMENTO,Não,52016013003M0,,3,,74445190,2019,CENTRO UNIVERSITÁRIO ALVES FARIA
22005013005P0,"LINGÜÍSTICA, LETRAS E ARTES",LINGUíSTICA E LITERATURA,EM FUNCIONAMENTO,Crato,LETRAS,3,EM FUNCIONAMENTO,Não,22005013005M0,,3,,63105000,2019,UNIVERSIDADE REGIONAL DO CARIRI
21018006001P7,"LINGÜÍSTICA, LETRAS E ARTES",LINGUíSTICA E LITERATURA,EM FUNCIONAMENTO,Imperatriz,PROGRAMA DE PÓS-GRADUAÇÃO EM LETRAS,3,EM FUNCIONAMENTO,Não,21018006001F0,,3,,65901480,2019,UNIVERSIDADE ESTADUAL DA REGIÃO TOCANTINA DO MARANHÃO
31163009001P0,MULTIDISCIPLINAR,INTERDISCIPLINAR,EM FUNCIONAMENTO,Itajubá,ENERGIA INTELIGENTE,A,EM FUNCIONAMENTO,Não,31163009001F2,,A,,37502495,2021,INSTITUTO GNARUS
41079000001P0,CIÊNCIAS SOCIAIS APLICADAS,DIREITO,EM FUNCIONAMENTO,Londrina,"DIREITO, SOCIEDADE E TECNOLOGIAS",3,EM FUNCIONAMENTO,Não,41079000001F3,,3,,86015000,2020,FACULDADES LONDRINA
25020013044P5,CIÊNCIAS HUMANAS,ANTROPOLOGIA / ARQUEOLOGIA,EM FUNCIONAMENTO,Juazeiro,"POLÍTICA, CULTURA E AMBIENTE",A,EM FUNCIONAMENTO,Não,25020013044M5,,A,,48902300,2024,UNIVERSIDADE FEDERAL DO VALE DO SÃO FRANCISCO
23001011187P8,MULTIDISCIPLINAR,ENSINO,EM FUNCIONAMENTO,Natal,METODOLOGIAS DE ENSINO E PROCESSOS DE APRENDIZAGEM,A,EM FUNCIONAMENTO,Não,23001011187M8,,A,,59078970,2025,UNIVERSIDADE FEDERAL DO RIO GRANDE DO NORTE
15002012003P8,CIÊNCIAS AGRÁRIAS,CIÊNCIAS AGRÁRIAS I,EM DESATIVACAO,Belém,Não,3,,CIÊNCIAS AGRÁRIAS,,EM DESATIVACAO,,15002012003D9,66077530,2000,UNIVERSIDADE FEDERAL RURAL DA AMAZÔNIA
31001017182P9,CIÊNCIAS HUMANAS,ANTROPOLOGIA / ARQUEOLOGIA,EM FUNCIONAMENTO,Rio de Janeiro,ETNOGRAFIA E CRÍTICA CULTURAL,A,EM FUNCIONAMENTO,ETNOGRAFIA E CRÍTICA CULTURAL,31001017182M9,EM FUNCIONAMENTO,A,31001017182D0,21941853,2025,UNIVERSIDADE FEDERAL DO RIO DE JANEIRO
20001010009P4,CIÊNCIAS DA SAÚDE,MEDICINA I,EM FUNCIONAMENTO,São Luís,CIÊNCIAS DA SAÚDE,5,EM FUNCIONAMENTO,Ciências da Saúde,20001010009M4,EM FUNCIONAMENTO,5,20001010009D5,65085580,1999,UNIVERSIDADE FEDERAL DO MARANHÃO
20002017001P0,CIÊNCIAS AGRÁRIAS,CIÊNCIAS AGRÁRIAS I,EM FUNCIONAMENTO,São Luís,CIÊNCIAS AGRÁRIAS,4,EM FUNCIONAMENTO,CIÊNCIAS AGRÁRIAS,20002017001M0,EM FUNCIONAMENTO,4,20002017001D0,65055310,1996,UNIVERSIDADE ESTADUAL DO MARANHÃO
22001018004P8,CIÊNCIAS EXATAS E DA TERRA,QUÍMICA,EM FUNCIONAMENTO,Fortaleza,QUÍMICA,6,EM FUNCIONAMENTO,QUÍMICA,22001018004M8,EM FUNCIONAMENTO,6,22001018004D9,60440900,1976,UNIVERSIDADE FEDERAL DO CEARÁ
25001019046P0,CIÊNCIAS SOCIAIS APLICADAS,"ADMINISTRAÇÃO PÚBLICA E DE EMPRESAS, CIÊNCIAS CONTÁBEIS E TURISMO",EM FUNCIONAMENTO,Recife,ADMINISTRAÇÃO,5,EM FUNCIONAMENTO,ADMINISTRAÇÃO,25001019046M0,EM FUNCIONAMENTO,5,25001019046D1,50670901,1995,UNIVERSIDADE FEDERAL DE PERNAMBUCO
25001019059P5,CIÊNCIAS HUMANAS,ANTROPOLOGIA / ARQUEOLOGIA,EM FUNCIONAMENTO,Recife,ARQUEOLOGIA,5,EM FUNCIONAMENTO,ARQUEOLOGIA,25001019059M5,EM FUNCIONAMENTO,5,25001019059D6,50670901,2003,UNIVERSIDADE FEDERAL DE PERNAMBUCO
31001017006P6,CIÊNCIAS EXATAS E DA TERRA,QUÍMICA,EM FUNCIONAMENTO,Rio de Janeiro,QUÍMICA,6,EM FUNCIONAMENTO,QUÍMICA,31001017006M6,EM FUNCIONAMENTO,6,31001017006D7,21941909,1963,UNIVERSIDADE FEDERAL DO RIO DE JANEIRO
31001017038P5,ENGENHARIAS,ENGENHARIAS I,EM FUNCIONAMENTO,Rio de Janeiro,ENGENHARIA DE TRANSPORTES,6,EM FUNCIONAMENTO,ENGENHARIA DE TRANSPORTES,31001017038M5,EM FUNCIONAMENTO,6,31001017038D6,21941914,1979,UNIVERSIDADE FEDERAL DO RIO DE JANEIRO
31001017044P5,CIÊNCIAS DA SAÚDE,MEDICINA I,EM FUNCIONAMENTO,Rio de Janeiro,MEDICINA (ENDOCRINOLOGIA),5,EM FUNCIONAMENTO,MEDICINA (ENDOCRINOLOGIA),31001017044M5,EM FUNCIONAMENTO,5,31001017044D6,59078970,1974,UNIVERSIDADE FEDERAL DO RIO DE JANEIRO
31001017110P8,CIÊNCIAS EXATAS E DA TERRA,COMPUTAÇÃO,EM FUNCIONAMENTO,Rio de Janeiro,INFORMÁTICA,4,EM FUNCIONAMENTO,INFORMÁTICA,31001017110M8,EM FUNCIONAMENTO,4,31001017110D9,59078970,1997,UNIVERSIDADE FEDERAL DO RIO DE JANEIRO
31003010049P3,CIÊNCIAS SOCIAIS APLICADAS,SERVIÇO SOCIAL,EM FUNCIONAMENTO,Niterói,POLÍTICA SOCIAL,5,EM FUNCIONAMENTO,POLÍTICA SOCIAL,31003010049M3,EM FUNCIONAMENTO,5,31003010049D4,24210201,2002,UNIVERSIDADE FEDERAL FLUMINENSE
31033016010P1,MULTIDISCIPLINAR,INTERDISCIPLINAR,EM FUNCIONAMENTO,Campos dos Goytacazes,POLÍTICAS SOCIAIS,4,EM FUNCIONAMENTO,POLÍTICAS SOCIAIS,31033016010M1,EM FUNCIONAMENTO,4,31033016010D2,28013602,1999,UNIVERSIDADE ESTADUAL DO NORTE FLUMINENSE DARCY RIBEIRO
32001010009P8,CIÊNCIAS BIOLÓGICAS,CIÊNCIAS BIOLÓGICAS I,EM FUNCIONAMENTO,Belo Horizonte,BIOLOGIA CELULAR,7,EM FUNCIONAMENTO,BIOLOGIA CELULAR,32001010009M8,EM FUNCIONAMENTO,7,32001010009D9,31270901,1973,UNIVERSIDADE FEDERAL DE MINAS GERAIS
32001010023P0,CIÊNCIAS DA SAÚDE,MEDICINA II,EM FUNCIONAMENTO,Belo Horizonte,MEDICINA (MEDICINA TROPICAL),6,EM FUNCIONAMENTO,MEDICINA (MEDICINA TROPICAL),32001010023M0,EM FUNCIONAMENTO,6,32001010023D1,30130100,1972,UNIVERSIDADE FEDERAL DE MINAS GERAIS
32001010026P0,CIÊNCIAS SOCIAIS APLICADAS,"ADMINISTRAÇÃO PÚBLICA E DE EMPRESAS, CIÊNCIAS CONTÁBEIS E TURISMO",EM FUNCIONAMENTO,Belo Horizonte,ADMINISTRAÇÃO,4,EM FUNCIONAMENTO,ADMINISTRAÇÃO,32001010026M0,EM FUNCIONAMENTO,4,32001010026D0,31270901,1973,UNIVERSIDADE FEDERAL DE MINAS GERAIS
32001010028P2,CIÊNCIAS SOCIAIS APLICADAS,COMUNICAÇÃO E INFORMAÇÃO E MUSEOLOGIA,EM FUNCIONAMENTO,Belo Horizonte,CIÊNCIAS DA INFORMAÇÃO,5,EM FUNCIONAMENTO,CIÊNCIAS DA INFORMAÇÃO,32001010028M2,EM FUNCIONAMENTO,5,32001010028D3,31270901,1976,UNIVERSIDADE FEDERAL DE MINAS GERAIS
32001010042P5,CIÊNCIAS AGRÁRIAS,MEDICINA VETERINÁRIA,EM FUNCIONAMENTO,Belo Horizonte,CIÊNCIA ANIMAL,7,EM FUNCIONAMENTO,CIÊNCIA ANIMAL,32001010042M5,EM FUNCIONAMENTO,7,32001010042D6,31270901,1989,UNIVERSIDADE FEDERAL DE MINAS GERAIS
32002017027P2,CIÊNCIAS EXATAS E DA TERRA,COMPUTAÇÃO,EM FUNCIONAMENTO,Viçosa,CIÊNCIA DA COMPUTAÇÃO,4,EM FUNCIONAMENTO,CIÊNCIA DA COMPUTAÇÃO,32002017027M2,EM FUNCIONAMENTO,4,32002017027D3,36570900,2004,UNIVERSIDADE FEDERAL DE VIÇOSA
32004010003P2,CIÊNCIAS SOCIAIS APLICADAS,"ADMINISTRAÇÃO PÚBLICA E DE EMPRESAS, CIÊNCIAS CONTÁBEIS E TURISMO",EM FUNCIONAMENTO,Lavras,ADMINISTRAÇÃO,5,EM FUNCIONAMENTO,ADMINISTRAÇÃO,32004010003M2,EM FUNCIONAMENTO,5,32004010003D3,37200900,1975,UNIVERSIDADE FEDERAL DE LAVRAS
32006012006P0,CIÊNCIAS BIOLÓGICAS,CIÊNCIAS BIOLÓGICAS I,EM FUNCIONAMENTO,Uberlândia,GENÉTICA E BIOQUÍMICA,5,EM FUNCIONAMENTO,GENÉTICA E BIOQUÍMICA,32006012006M0,EM FUNCIONAMENTO,5,32006012006D1,38700103,1994,UNIVERSIDADE FEDERAL DE UBERLÂNDIA
33002029052P5,CIÊNCIAS EXATAS E DA TERRA,COMPUTAÇÃO,EM FUNCIONAMENTO,Ribeirão Preto,COMPUTAÇÃO APLICADA,3,EM FUNCIONAMENTO,Não,33002029052M5,,3,,14040907,2015,UNIVERSIDADE DE SÃO PAULO - CAMPUS RIBEIRÃO PRETO
42046017011P0,CIÊNCIAS SOCIAIS APLICADAS,"ADMINISTRAÇÃO PÚBLICA E DE EMPRESAS, CIÊNCIAS CONTÁBEIS E TURISMO",EM FUNCIONAMENTO,Sant´Ana do Livramento,ADMINISTRAÇÃO,4,EM FUNCIONAMENTO,Não,42046017011M0,,4,,97573634,2016,UNIVERSIDADE FEDERAL DO PAMPA
33009015094P9,ENGENHARIAS,ENGENHARIAS III,EM FUNCIONAMENTO,São José dos Campos,PESQUISA OPERACIONAL,4,EM FUNCIONAMENTO,PESQUISA OPERACIONAL,33009015094M9,EM FUNCIONAMENTO,4,33009015094D0,12228900,2016,UNIVERSIDADE FEDERAL DE SÃO PAULO
22011013002P7,MULTIDISCIPLINAR,INTERDISCIPLINAR,EM FUNCIONAMENTO,Redenção,Interdisciplinar em Humanidades,3,EM FUNCIONAMENTO,Não,22011013002M7,,3,,62790000,2016,UNIVERSIDADE DA INTEGRAÇÃO INTERNACIONAL DA LUSOFONIA AFRO-BRASILEIRA
33139016004P2,CIÊNCIAS SOCIAIS APLICADAS,COMUNICAÇÃO E INFORMAÇÃO E MUSEOLOGIA,EM DESATIVACAO,São Paulo,PRODUÇÃO JORNALÍSTICA E MERCADO,3,EM DESATIVACAO,Não,33139016004F5,,3,,04018010,2016,ESCOLA SUPERIOR DE PROPAGANDA E MARKETING
31001017171P7,ENGENHARIAS,ENGENHARIAS I,EM FUNCIONAMENTO,Rio de Janeiro,ENGENHARIA AMBIENTAL,4,EM FUNCIONAMENTO,ENGENHARIA AMBIENTAL,31001017171M7,EM FUNCIONAMENTO,3,31001017171D8,20440001,2008,UNIVERSIDADE FEDERAL DO RIO DE JANEIRO
42008018035P1,ENGENHARIAS,ENGENHARIAS III,EM FUNCIONAMENTO,Caxias do Sul,ENGENHARIA DE PRODUÇÃO,3,EM FUNCIONAMENTO,Não,42008018035F4,,3,,95070560,2016,UNIVERSIDADE DE CAXIAS DO SUL
42051010004P3,ENGENHARIAS,ENGENHARIAS I,EM DESATIVACAO,Passo Fundo,ENGENHARIA CIVIL,3,EM DESATIVACAO,Não,42051010004M3,,3,,99070220,2017,FACULDADE ATITUS EDUCAÇÃO PASSO FUNDO
40006018176P6,MULTIDISCIPLINAR,BIOTECNOLOGIA,EM FUNCIONAMENTO,Dois Vizinhos,BIOTECNOLOGIA,4,EM FUNCIONAMENTO,BIOTECNOLOGIA (PPGBIOTEC),40006018176M6,EM FUNCIONAMENTO,4,40006018176D7,85660000,2017,UNIVERSIDADE TECNOLÓGICA FEDERAL DO PARANÁ
50001019172P7,MULTIDISCIPLINAR,CIÊNCIAS AMBIENTAIS,EM DESATIVACAO,Rondonópolis,GESTÃO E TECNOLOGIA AMBIENTAL,3,EM DESATIVACAO,Não,50001019172M7,,3,,78736900,2017,UNIVERSIDADE FEDERAL DE MATO GROSSO
52001016108P2,"LINGÜÍSTICA, LETRAS E ARTES",ARTES,EM FUNCIONAMENTO,Goiânia,ARTES DA CENA,3,EM FUNCIONAMENTO,Não,52001016108M2,,3,,74690900,2019,UNIVERSIDADE FEDERAL DE GOIÁS
12008010072P3,CIÊNCIAS DA SAÚDE,ENFERMAGEM,EM FUNCIONAMENTO,Manaus,ENFERMAGEM EM SAÚDE PÚBLICA,4,EM FUNCIONAMENTO,ENFERMAGEM EM SAÚDE PÚBLICA,12008010072F6,EM FUNCIONAMENTO,4,12008010072R0,69065020,2018,UNIVERSIDADE DO ESTADO DO AMAZONAS
41020014013P8,CIÊNCIAS HUMANAS,FILOSOFIA,EM FUNCIONAMENTO,Chapecó,FILOSOFIA,3,EM FUNCIONAMENTO,Não,41020014013M8,,3,,89802112,2019,UNIVERSIDADE FEDERAL DA FRONTEIRA SUL
33158010002P7,CIÊNCIAS DA SAÚDE,MEDICINA I,EM FUNCIONAMENTO,Barretos,INOVAÇÃO EM SAÚDE,3,EM FUNCIONAMENTO,Não,33158010002F0,,3,,14784400,2019,FACULDADE DE CIÊNCIAS DA SAÚDE DE BARRETOS DOUTOR PAULO PRATA
43043003001P2,CIÊNCIAS AGRÁRIAS,MEDICINA VETERINÁRIA,EM FUNCIONAMENTO,Eldorado do Sul,SAÚDE ANIMAL,4,EM FUNCIONAMENTO,Não,43043003001M2,,4,,92990000,2014,CENTRO ESTADUAL DE DIAGNÓSTICO E PESQUISA EM SAÚDE ANIMAL DESIDÉRIO FINAMOR
33034010009P9,CIÊNCIAS AGRÁRIAS,MEDICINA VETERINÁRIA,EM FUNCIONAMENTO,Marília,"SAÚDE ANIMAL, PRODUÇÃO E AMBIENTE",A,EM FUNCIONAMENTO,Não,33034010009F1,,A,,17525102,2021,UNIVERSIDADE DE MARÍLIA
33073015002P1,CIÊNCIAS DA SAÚDE,MEDICINA I,EM FUNCIONAMENTO,São Paulo,CUIDADOS ONCOLÓGICOS CENTRADOS NO PACIENTE,A,EM FUNCIONAMENTO,Não,33073015002F4,,A,,01509900,2021,A.C.CAMARGO CANCER CENTER
32014015105P8,CIÊNCIAS DA SAÚDE,ENFERMAGEM,EM FUNCIONAMENTO,Montes Claros,ENFERMAGEM,A,EM FUNCIONAMENTO,Não,32014015105M8,,A,,39401089,2025,UNIVERSIDADE ESTADUAL DE MONTES CLAROS
42051010008P9,CIÊNCIAS SOCIAIS APLICADAS,DIREITO,EM FUNCIONAMENTO,Passo Fundo,Não,A,,DIREITO,,EM FUNCIONAMENTO,,42051010008D0,99070220,2025,FACULDADE DE DIREITO DE VITÓRIA
23001011015P2,CIÊNCIAS BIOLÓGICAS,BIODIVERSIDADE,EM FUNCIONAMENTO,Natal,Ecologia,7,EM FUNCIONAMENTO,Ecologia,23001011015M2,EM FUNCIONAMENTO,7,23001011015D3,59072970,1995,UNIVERSIDADE FEDERAL DO RIO GRANDE DO NORTE
24009016003P8,ENGENHARIAS,ENGENHARIAS IV,EM FUNCIONAMENTO,Campina Grande,ENGENHARIA ELÉTRICA,6,EM FUNCIONAMENTO,ENGENHARIA ELÉTRICA,24009016003M8,EM FUNCIONAMENTO,6,24009016003D9,58109970,1970,UNIVERSIDADE FEDERAL DE CAMPINA GRANDE
33003017020P7,CIÊNCIAS SOCIAIS APLICADAS,ECONOMIA,EM FUNCIONAMENTO,Campinas,CIÊNCIA ECONÔMICA,6,EM FUNCIONAMENTO,CIÊNCIA ECONÔMICA,33003017020M7,EM FUNCIONAMENTO,6,33003017020D8,13083857,1974,UNIVERSIDADE ESTADUAL DE CAMPINAS
33004080051P4,CIÊNCIAS EXATAS E DA TERRA,ASTRONOMIA / FÍSICA,EM FUNCIONAMENTO,Guaratinguetá,Física e Astronomia,5,EM FUNCIONAMENTO,Física e Astronomia,33004080051M4,EM FUNCIONAMENTO,5,33004080051D5,12516410,1990,UNIVERSIDADE ESTADUAL PAULISTA JÚLIO DE MESQUITA FILHO - CAMPUS GUARATINGUETÁ
40001016016P7,"LINGÜÍSTICA, LETRAS E ARTES",LINGUíSTICA E LITERATURA,EM FUNCIONAMENTO,Curitiba,LETRAS,7,EM FUNCIONAMENTO,LETRAS,40001016016M7,EM FUNCIONAMENTO,7,40001016016D8,80060150,1975,UNIVERSIDADE FEDERAL DO PARANÁ
40004015001P9,CIÊNCIAS BIOLÓGICAS,CIÊNCIAS BIOLÓGICAS I,EM FUNCIONAMENTO,Maringá,CIÊNCIAS BIOLÓGICAS (BIOLOGIA CELULAR),5,EM FUNCIONAMENTO,CIÊNCIAS BIOLÓGICAS (BIOLOGIA CELULAR),40004015001M9,EM FUNCIONAMENTO,5,40004015001D0,87020900,1987,UNIVERSIDADE ESTADUAL DE MARINGÁ
41001010019P2,CIÊNCIAS AGRÁRIAS,ZOOTECNIA / RECURSOS PESQUEIROS,EM FUNCIONAMENTO,Florianópolis,AQÜÍCULTURA,6,EM FUNCIONAMENTO,AQÜICULTURA,41001010019M2,EM FUNCIONAMENTO,6,41001010019D3,88034001,1988,UNIVERSIDADE FEDERAL DE SANTA CATARINA
41001010020P0,CIÊNCIAS EXATAS E DA TERRA,ASTRONOMIA / FÍSICA,EM FUNCIONAMENTO,Florianópolis,FÍSICA,5,EM FUNCIONAMENTO,FÍSICA,41001010020M0,EM FUNCIONAMENTO,5,41001010020D1,88040900,1988,UNIVERSIDADE FEDERAL DE SANTA CATARINA
42001013013P3,CIÊNCIAS SOCIAIS APLICADAS,ECONOMIA,EM FUNCIONAMENTO,Porto Alegre,ECONOMIA,6,EM FUNCIONAMENTO,ECONOMIA,42001013013M3,EM FUNCIONAMENTO,6,42001013013D4,90040000,1972,UNIVERSIDADE FEDERAL DO RIO GRANDE DO SUL
42001013014P0,ENGENHARIAS,ENGENHARIAS I,EM FUNCIONAMENTO,Porto Alegre,ENGENHARIA CIVIL,6,EM FUNCIONAMENTO,ENGENHARIA CIVIL,42001013014M0,EM FUNCIONAMENTO,6,42001013014D0,90035190,1970,UNIVERSIDADE FEDERAL DO RIO GRANDE DO SUL
42001013026P8,CIÊNCIAS SOCIAIS APLICADAS,PLANEJAMENTO URBANO E REGIONAL / DEMOGRAFIA,EM FUNCIONAMENTO,Porto Alegre,PLANEJAMENTO URBANO E REGIONAL,5,EM FUNCIONAMENTO,PLANEJAMENTO URBANO E REGIONAL,42001013026M8,EM FUNCIONAMENTO,5,42001013026D9,90050170,1970,UNIVERSIDADE FEDERAL DO RIO GRANDE DO SUL
42001013036P3,CIÊNCIAS AGRÁRIAS,ZOOTECNIA / RECURSOS PESQUEIROS,EM FUNCIONAMENTO,Porto Alegre,ZOOTECNIA,6,EM FUNCIONAMENTO,ZOOTECNIA,42001013036M3,EM FUNCIONAMENTO,6,42001013036D4,91540000,1965,UNIVERSIDADE FEDERAL DO RIO GRANDE DO SUL
42001013066P0,ENGENHARIAS,ENGENHARIAS IV,EM FUNCIONAMENTO,Porto Alegre,ENGENHARIA ELÉTRICA,7,EM FUNCIONAMENTO,ENGENHARIA ELÉTRICA,42001013066M0,EM FUNCIONAMENTO,7,42001013066D0,90035190,1998,UNIVERSIDADE FEDERAL DO RIO GRANDE DO SUL
42002010012P7,CIÊNCIAS EXATAS E DA TERRA,QUÍMICA,EM FUNCIONAMENTO,Santa Maria,QUÍMICA,7,EM FUNCIONAMENTO,QUÍMICA,42002010012M7,EM FUNCIONAMENTO,7,42002010012D8,97105900,1985,UNIVERSIDADE FEDERAL DE SANTA MARIA
42002010015P6,CIÊNCIAS AGRÁRIAS,CIÊNCIAS AGRÁRIAS I,EM FUNCIONAMENTO,Santa Maria,ENGENHARIA FLORESTAL,5,EM FUNCIONAMENTO,ENGENHARIA FLORESTAL,42002010015M6,EM FUNCIONAMENTO,5,42002010015D7,97105900,1990,UNIVERSIDADE FEDERAL DE SANTA MARIA
42002010025P1,CIÊNCIAS HUMANAS,GEOGRAFIA,EM FUNCIONAMENTO,Santa Maria,GEOGRAFIA,5,EM FUNCIONAMENTO,Geografia,42002010025M1,EM FUNCIONAMENTO,5,42002010025D2,97105900,2003,UNIVERSIDADE FEDERAL DE SANTA MARIA
42004012005P0,CIÊNCIAS AGRÁRIAS,CIÊNCIA DE ALIMENTOS,EM FUNCIONAMENTO,Rio Grande,ENGENHARIA E CIÊNCIA DE ALIMENTOS,7,EM FUNCIONAMENTO,ENGENHARIA E CIÊNCIA DE ALIMENTOS,42004012005M0,EM FUNCIONAMENTO,7,42004012005D0,96203900,1996,UNIVERSIDADE FEDERAL DO RIO GRANDE
42004012002P0,CIÊNCIAS HUMANAS,EDUCAÇÃO,EM FUNCIONAMENTO,Rio Grande,EDUCAÇÃO AMBIENTAL,4,EM FUNCIONAMENTO,EDUCAÇÃO AMBIENTAL,42004012002M0,EM FUNCIONAMENTO,4,42004012002D1,96203900,1994,UNIVERSIDADE FEDERAL DO RIO GRANDE
42005019009P1,"LINGÜÍSTICA, LETRAS E ARTES",LINGUíSTICA E LITERATURA,EM FUNCIONAMENTO,Porto Alegre,LINGÜÍSTICA E LETRAS,7,EM FUNCIONAMENTO,LINGÜÍSTICA E LETRAS,42005019009M1,EM FUNCIONAMENTO,7,42005019009D2,90619900,1970,PONTIFÍCIA UNIVERSIDADE CATÓLICA DO RIO GRANDE DO SUL
42005019013P9,CIÊNCIAS SOCIAIS APLICADAS,DIREITO,EM FUNCIONAMENTO,Porto Alegre,DIREITO,6,EM FUNCIONAMENTO,DIREITO,42005019013M9,EM FUNCIONAMENTO,6,42005019013D0,90619900,1988,PONTIFÍCIA UNIVERSIDADE CATÓLICA DO RIO GRANDE DO SUL
42005019014P5,CIÊNCIAS DA SAÚDE,MEDICINA I,EM FUNCIONAMENTO,Porto Alegre,MEDICINA E CIÊNCIAS DA SAÚDE.,6,EM FUNCIONAMENTO,MEDICINA E CIÊNCIAS DA SAÚDE.,42005019014M5,EM FUNCIONAMENTO,6,42005019014D6,90619900,1993,PONTIFÍCIA UNIVERSIDADE CATÓLICA DO RIO GRANDE DO SUL
42005019022P8,CIÊNCIAS DA SAÚDE,ODONTOLOGIA,EM FUNCIONAMENTO,Porto Alegre,ODONTOLOGIA,5,EM FUNCIONAMENTO,ODONTOLOGIA,42005019022M8,EM FUNCIONAMENTO,5,42005019022D9,90619900,1999,PONTIFÍCIA UNIVERSIDADE CATÓLICA DO RIO GRANDE DO SUL
42010012001P0,CIÊNCIAS AGRÁRIAS,CIÊNCIA DE ALIMENTOS,EM FUNCIONAMENTO,Erechim,ENGENHARIA DE ALIMENTOS,4,EM FUNCIONAMENTO,ENGENHARIA DE ALIMENTOS,42010012001M0,EM FUNCIONAMENTO,4,42010012001D1,99700000,2002,UNIVERSIDADE REGIONAL INTEGRADA DO ALTO URUGUAI E DAS MISSÕES
42016010002P5,CIÊNCIAS HUMANAS,CIÊNCIAS DA RELIGIÃO E TEOLOGIA,EM FUNCIONAMENTO,São Leopoldo,TEOLOGIA,4,EM FUNCIONAMENTO,Não,42016010002F8,,4,,93030220,2001,FACULDADES EST
51003015001P3,MULTIDISCIPLINAR,CIÊNCIAS AMBIENTAIS,EM FUNCIONAMENTO,Campo Grande,MEIO AMBIENTE E DESENVOLVIMENTO REGIONAL,4,EM FUNCIONAMENTO,Meio Ambiente e Desenvolvimento Regional,51003015001M3,EM FUNCIONAMENTO,4,51003015001D4,79037280,2002,UNIVERSIDADE ANHANGUERA
20001010185P7,CIÊNCIAS DA SAÚDE,NUTRIÇÃO,EM FUNCIONAMENTO,São Luís,NUTRIÇÃO,A,EM FUNCIONAMENTO,Não,20001010185M7,,A,,65080805,2025,UNIVERSIDADE FEDERAL DO MARANHÃO
12002011004P6,CIÊNCIAS BIOLÓGICAS,BIODIVERSIDADE,EM FUNCIONAMENTO,Manaus,CIÊNCIAS BIOLÓGICAS (ENTOMOLOGIA),5,EM FUNCIONAMENTO,CIÊNCIAS BIOLÓGICAS (ENTOMOLOGIA),12002011004M6,EM FUNCIONAMENTO,5,12002011004D7,69067375,1976,INSTITUTO NACIONAL DE PESQUISAS DA AMAZÔNIA
12008010003P1,MULTIDISCIPLINAR,BIOTECNOLOGIA,EM FUNCIONAMENTO,Manaus,BIOTECNOLOGIA E RECURSOS NATURAIS,3,EM FUNCIONAMENTO,Não,12008010003M1,,3,,69065001,2003,UNIVERSIDADE DO ESTADO DO AMAZONAS
15001016002P5,MULTIDISCIPLINAR,INTERDISCIPLINAR,EM FUNCIONAMENTO,Belém,PLANEJAMENTO DO DESENVOLVIMENTO,7,EM FUNCIONAMENTO,DESENVOLVIMENTO SUSTENTÁVEL DO TRÓPICO ÚMIDO,15001016002M5,EM FUNCIONAMENTO,7,15001016002D6,66078970,1977,UNIVERSIDADE FEDERAL DO PARÁ
15001016033P8,MULTIDISCIPLINAR,ENSINO,EM FUNCIONAMENTO,Belém,EDUCAÇÃO EM CIÊNCIAS E MATEMÁTICAS,5,EM FUNCIONAMENTO,EDUCAÇÃO EM CIÊNCIAS E MATEMÁTICAS,15001016033M8,EM FUNCIONAMENTO,5,15001016033D9,66075110,2001,UNIVERSIDADE FEDERAL DO PARÁ
24001015038P5,MULTIDISCIPLINAR,CIÊNCIAS AMBIENTAIS,EM FUNCIONAMENTO,João Pessoa,DESENVOLVIMENTO E MEIO AMBIENTE,4,EM FUNCIONAMENTO,Não,24001015038M5,,4,,58051900,1996,UNIVERSIDADE FEDERAL DA PARAÍBA - CAMPUS JOÃO PESSOA
24009016002P1,ENGENHARIAS,ENGENHARIAS I,EM FUNCIONAMENTO,Campina Grande,ENGENHARIA CIVIL E AMBIENTAL,5,EM FUNCIONAMENTO,ENGENHARIA CIVIL E AMBIENTAL,24009016002M1,EM FUNCIONAMENTO,5,24009016002D2,58109970,1971,UNIVERSIDADE FEDERAL DE CAMPINA GRANDE
25001019024P7,CIÊNCIAS DA SAÚDE,MEDICINA II,EM FUNCIONAMENTO,Recife,MEDICINA TROPICAL,5,EM FUNCIONAMENTO,MEDICINA TROPICAL,25001019024M7,EM FUNCIONAMENTO,5,25001019024D8,50670901,1973,UNIVERSIDADE FEDERAL DE PERNAMBUCO
30001013002P8,CIÊNCIAS BIOLÓGICAS,CIÊNCIAS BIOLÓGICAS II,EM FUNCIONAMENTO,Vitória,CIÊNCIAS FISIOLÓGICAS,5,EM FUNCIONAMENTO,CIÊNCIAS FISIOLÓGICAS,30001013002M8,EM FUNCIONAMENTO,5,30001013002D9,29043900,1989,UNIVERSIDADE FEDERAL DO ESPÍRITO SANTO
30001013014P6,CIÊNCIAS BIOLÓGICAS,BIODIVERSIDADE,EM FUNCIONAMENTO,Vitória,BIOLOGIA ANIMAL,5,EM FUNCIONAMENTO,BIOLOGIA ANIMAL,30001013014M6,EM FUNCIONAMENTO,5,30001013014D7,29075910,2001,UNIVERSIDADE FEDERAL DO ESPÍRITO SANTO
30001013012P3,ENGENHARIAS,ENGENHARIAS I,EM FUNCIONAMENTO,Vitória,ENGENHARIA CIVIL,4,EM FUNCIONAMENTO,ENGENHARIA CIVIL,30001013012M3,EM PROJETO,4,30001013012D4,29075910,1997,UNIVERSIDADE FEDERAL DO ESPÍRITO SANTO
30001013016P9,CIÊNCIAS AGRÁRIAS,CIÊNCIAS AGRÁRIAS I,EM FUNCIONAMENTO,Vitória,BIOLOGIA VEGETAL,4,EM FUNCIONAMENTO,Biologia vegetal,30001013016M9,EM FUNCIONAMENTO,4,30001013016D0,29075910,2003,UNIVERSIDADE FEDERAL DO ESPÍRITO SANTO
30001013019P8,CIÊNCIAS AGRÁRIAS,CIÊNCIAS AGRÁRIAS I,EM FUNCIONAMENTO,Alegre,Agronomia,4,EM FUNCIONAMENTO,Agronomia,30001013019M8,EM FUNCIONAMENTO,4,30001013019D9,29500000,2004,UNIVERSIDADE FEDERAL DO ESPÍRITO SANTO
30007011001P0,CIÊNCIAS SOCIAIS APLICADAS,"ADMINISTRAÇÃO PÚBLICA E DE EMPRESAS, CIÊNCIAS CONTÁBEIS E TURISMO",EM FUNCIONAMENTO,Vitória,CIÊNCIAS CONTÁBEIS E ADMINISTRAÇÃO,5,EM FUNCIONAMENTO,CIÊNCIAS CONTÁBEIS E ADMINISTRAÇÃO,30007011001F2,EM FUNCIONAMENTO,5,30007011001R6,29075505,2001,FUCAPE BUSINESS SCHOOL - ESPÍRITO SANTO
31001017001P4,CIÊNCIAS HUMANAS,EDUCAÇÃO,EM FUNCIONAMENTO,Rio de Janeiro,EDUCAÇÃO,6,EM FUNCIONAMENTO,EDUCAÇÃO,31001017001M4,EM FUNCIONAMENTO,6,31001017001D5,59078970,1972,UNIVERSIDADE FEDERAL DO RIO DE JANEIRO
31001017003P7,CIÊNCIAS EXATAS E DA TERRA,MATEMÁTICA / PROBABILIDADE E ESTATÍSTICA,EM FUNCIONAMENTO,Rio de Janeiro,MATEMÁTICA,7,EM FUNCIONAMENTO,MATEMÁTICA,31001017003M7,EM FUNCIONAMENTO,7,31001017003D8,21941909,1970,UNIVERSIDADE FEDERAL DO RIO DE JANEIRO
31001017013P2,MULTIDISCIPLINAR,BIOTECNOLOGIA,EM FUNCIONAMENTO,Rio de Janeiro,BIOQUÍMICA,7,EM FUNCIONAMENTO,BIOQUÍMICA,31001017013M2,EM FUNCIONAMENTO,7,31001017013D3,21941909,1963,UNIVERSIDADE FEDERAL DO RIO DE JANEIRO
31001017008P9,ENGENHARIAS,ENGENHARIAS II,EM FUNCIONAMENTO,Rio de Janeiro,CIÊNCIA E TECNOLOGIA DE POLÍMEROS,6,EM FUNCIONAMENTO,CIÊNCIA E TECNOLOGIA DE POLÍMEROS,31001017008M9,EM FUNCIONAMENTO,6,31001017008D0,21941598,1977,UNIVERSIDADE FEDERAL DO RIO DE JANEIRO
31001017035P6,ENGENHARIAS,ENGENHARIAS III,EM FUNCIONAMENTO,Rio de Janeiro,ENGENHARIA DE PRODUÇÃO,5,EM FUNCIONAMENTO,ENGENHARIA DE PRODUÇÃO,31001017035M6,EM FUNCIONAMENTO,5,31001017035D7,21945970,1967,UNIVERSIDADE FEDERAL DO RIO DE JANEIRO
31001017112P0,CIÊNCIAS AGRÁRIAS,CIÊNCIA DE ALIMENTOS,EM FUNCIONAMENTO,Rio de Janeiro,CIÊNCIAS DE ALIMENTOS,6,EM FUNCIONAMENTO,CIÊNCIAS DE ALIMENTOS,31001017112M0,EM FUNCIONAMENTO,6,31001017112D1,21941909,1999,UNIVERSIDADE FEDERAL DO RIO DE JANEIRO
32001010040P2,CIÊNCIAS DA SAÚDE,"EDUCAÇÃO FÍSICA, FISIOTERAPIA, FONOAUDIOLOGIA E TERAPIA OCUPACIONAL",EM FUNCIONAMENTO,Belo Horizonte,CIÊNCIAS DO ESPORTE,6,EM FUNCIONAMENTO,CIÊNCIAS DO ESPORTE,32001010040M2,EM FUNCIONAMENTO,6,32001010040D3,31270901,1989,UNIVERSIDADE FEDERAL DE MINAS GERAIS
32002017006P5,CIÊNCIAS AGRÁRIAS,CIÊNCIAS AGRÁRIAS I,EM FUNCIONAMENTO,Viçosa,ENGENHARIA AGRÍCOLA,6,EM FUNCIONAMENTO,ENGENHARIA AGRÍCOLA,32002017006M5,EM FUNCIONAMENTO,6,32002017006D6,36570900,1970,UNIVERSIDADE FEDERAL DE VIÇOSA
32002017014P8,CIÊNCIAS AGRÁRIAS,CIÊNCIAS AGRÁRIAS I,EM FUNCIONAMENTO,Viçosa,AGRONOMIA (METEOROLOGIA APLICADA) - Mestrado,5,EM FUNCIONAMENTO,AGRONOMIA (METEOROLOGIA APLICADA) - Doutorado,32002017014M8,EM FUNCIONAMENTO,5,32002017014D9,36570900,1981,UNIVERSIDADE FEDERAL DE VIÇOSA
33002010002P2,CIÊNCIAS EXATAS E DA TERRA,ASTRONOMIA / FÍSICA,EM FUNCIONAMENTO,São Paulo,FÍSICA,5,EM FUNCIONAMENTO,FÍSICA,33002010002M2,EM FUNCIONAMENTO,5,33002010002D3,05508090,1970,UNIVERSIDADE DE SÃO PAULO
33002010083P2,CIÊNCIAS DA SAÚDE,ENFERMAGEM,EM FUNCIONAMENTO,São Paulo,ENFERMAGEM,6,EM FUNCIONAMENTO,ENFERMAGEM,33002010083M2,EM FUNCIONAMENTO,6,33002010083D3,05403000,1973,UNIVERSIDADE DE SÃO PAULO
33002010086P1,CIÊNCIAS SOCIAIS APLICADAS,"ADMINISTRAÇÃO PÚBLICA E DE EMPRESAS, CIÊNCIAS CONTÁBEIS E TURISMO",EM FUNCIONAMENTO,São Paulo,CONTROLADORIA E CONTABILIDADE,6,EM FUNCIONAMENTO,CONTROLADORIA E CONTABILIDADE,33002010086M1,EM FUNCIONAMENTO,6,33002010086D2,05508010,1970,UNIVERSIDADE DE SÃO PAULO
33002010107P9,"LINGÜÍSTICA, LETRAS E ARTES",LINGUíSTICA E LITERATURA,EM FUNCIONAMENTO,São Paulo,FILOLOGIA E LÍNGUA PORTUGUESA,5,EM FUNCIONAMENTO,FILOLOGIA E LÍNGUA PORTUGUESA,33002010107M9,EM FUNCIONAMENTO,5,33002010107D0,05508900,1971,UNIVERSIDADE DE SÃO PAULO
33002010172P5,CIÊNCIAS BIOLÓGICAS,CIÊNCIAS BIOLÓGICAS II,EM FUNCIONAMENTO,São Paulo,BIOLOGIA FUNCIONAL E MOLECULAR,6,EM FUNCIONAMENTO,BIOLOGIA FUNCIONAL E MOLECULAR,33002010172M5,EM FUNCIONAMENTO,6,33002010172D6,05508000,1994,UNIVERSIDADE DE SÃO PAULO
33002010168P8,"LINGÜÍSTICA, LETRAS E ARTES",LINGUíSTICA E LITERATURA,EM FUNCIONAMENTO,São Paulo,LETRAS (EST.COMP. DE LITER. DE LÍNGUA PORTUGUESA),5,EM FUNCIONAMENTO,LETRAS (EST.COMP. DE LITER. DE LÍNGUA PORTUGUESA),33002010168M8,EM FUNCIONAMENTO,5,33002010168D9,05508010,1994,UNIVERSIDADE DE SÃO PAULO
33003017004P1,CIÊNCIAS EXATAS E DA TERRA,MATEMÁTICA / PROBABILIDADE E ESTATÍSTICA,EM FUNCIONAMENTO,Campinas,MATEMÁTICA APLICADA,6,EM FUNCIONAMENTO,MATEMÁTICA APLICADA,33003017004M1,EM FUNCIONAMENTO,6,33003017004D2,13083859,1977,UNIVERSIDADE ESTADUAL DE CAMPINAS
33004030016P0,"LINGÜÍSTICA, LETRAS E ARTES",LINGUíSTICA E LITERATURA,EM FUNCIONAMENTO,Araraquara,ESTUDOS LITERÁRIOS,5,EM FUNCIONAMENTO,ESTUDOS LITERÁRIOS,33004030016M0,EM FUNCIONAMENTO,5,33004030016D1,14800901,1980,UNIVERSIDADE ESTADUAL PAULISTA JÚLIO DE MESQUITA FILHO - CAMPUS ARARAQUARA
33004064006P8,CIÊNCIAS DA SAÚDE,MEDICINA III,EM FUNCIONAMENTO,Botucatu,Cirurgia e Medicina Translacional,4,EM FUNCIONAMENTO,Cirurgia e Medicina Translacional,33004064006M8,EM FUNCIONAMENTO,4,33004064006D9,18618687,1975,UNIVERSIDADE ESTADUAL PAULISTA JÚLIO DE MESQUITA FILHO - CAMPUS BOTUCATU
33106010004P8,CIÊNCIAS SOCIAIS APLICADAS,"ADMINISTRAÇÃO PÚBLICA E DE EMPRESAS, CIÊNCIAS CONTÁBEIS E TURISMO",EM FUNCIONAMENTO,São Paulo,GESTÃO EM ALIMENTOS E BEBIDAS (A&B),3,EM FUNCIONAMENTO,Não,33106010004M8,,3,,03101001,2016,UNIVERSIDADE ANHEMBI MORUMBI
33001014052P3,CIÊNCIAS SOCIAIS APLICADAS,COMUNICAÇÃO E INFORMAÇÃO E MUSEOLOGIA,EM FUNCIONAMENTO,São Carlos,CIÊNCIA DA INFORMAÇÃO,4,EM FUNCIONAMENTO,CIÊNCIA DA INFORMAÇÃO,33001014052M3,EM FUNCIONAMENTO,4,33001014052D4,13565905,2016,UNIVERSIDADE FEDERAL DE SÃO CARLOS
42015014013P0,CIÊNCIAS DA SAÚDE,MEDICINA II,EM FUNCIONAMENTO,Porto Alegre,PEDIATRIA: ATENÇÃO A CRIANÇA A SAÚDE DA CRIANÇA E DO ADOLESCENTE,3,EM FUNCIONAMENTO,ATENÇÃO À SAÚDE DA CRIANÇA E DO ADOLESCENTE,42015014013M0,EM DESATIVACAO,3,42015014013D1,90050170,2016,UNIVERSIDADE FEDERAL DE CIÊNCIAS DA SAÚDE DE PORTO ALEGRE
40001016170P6,MULTIDISCIPLINAR,CIÊNCIAS E HUMANIDADES PARA A EDUCAÇÃO BÁSICA,EM FUNCIONAMENTO,Curitiba,FILOSOFIA,4,EM FUNCIONAMENTO,Não,40001016170F9,,4,,80060140,2017,UNIVERSIDADE FEDERAL DE MATO GROSSO
33003017172P1,CIÊNCIAS HUMANAS,EDUCAÇÃO,EM FUNCIONAMENTO,Campinas,EDUCAÇÃO ESCOLAR,4,EM FUNCIONAMENTO,Não,33003017172F4,,4,,13083872,2016,UNIVERSIDADE ESTADUAL DE CAMPINAS
33009015175P9,CIÊNCIAS DA SAÚDE,"EDUCAÇÃO FÍSICA, FISIOTERAPIA, FONOAUDIOLOGIA E TERAPIA OCUPACIONAL",EM FUNCIONAMENTO,Santos,CIÊNCIAS DO MOVIMENTO HUMANO E REABILITAÇÃO,4,EM FUNCIONAMENTO,CIÊNCIAS DO MOVIMENTO HUMANO E REABILITAÇÃO,33009015175M9,EM FUNCIONAMENTO,4,33009015175D0,11010150,2017,UNIVERSIDADE FEDERAL DE SÃO PAULO
41007018006P2,CIÊNCIAS SOCIAIS APLICADAS,"ADMINISTRAÇÃO PÚBLICA E DE EMPRESAS, CIÊNCIAS CONTÁBEIS E TURISMO",EM FUNCIONAMENTO,Chapecó,Não,4,,ADMINISTRAÇÃO,,EM FUNCIONAMENTO,,41007018006D3,89813000,2017,UNIVERSIDADE DO OESTE DE SANTA CATARINA
32001010177P8,CIÊNCIAS AGRÁRIAS,CIÊNCIAS AGRÁRIAS I,EM FUNCIONAMENTO,Montes Claros,CIÊNCIAS FLORESTAIS,3,EM FUNCIONAMENTO,Não,32001010177M8,,3,,39404547,2019,UNIVERSIDADE FEDERAL DE MINAS GERAIS
52004015002P9,CIÊNCIAS SOCIAIS APLICADAS,DIREITO,EM FUNCIONAMENTO,Rio Verde,DIREITO DO AGRONEGÓCIO E DESENVOLVIMENTO,A,EM FUNCIONAMENTO,Não,52004015002F1,,A,,75901970,2021,UNIVERSIDADE DE RIO VERDE
52059006007P6,CIÊNCIAS HUMANAS,HISTÓRIA,EM FUNCIONAMENTO,Catalão,HISTÓRIA,3,EM FUNCIONAMENTO,Não,52059006007F9,,3,,75704020,2014,UNIVERSIDADE FEDERAL DE CATALÃO
32012012173P0,CIÊNCIAS DA SAÚDE,"EDUCAÇÃO FÍSICA, FISIOTERAPIA, FONOAUDIOLOGIA E TERAPIA OCUPACIONAL",EM FUNCIONAMENTO,Uberaba,OCUPAÇÃO E COTIDIANO,A,EM FUNCIONAMENTO,Não,32012012173M0,,A,,38025440,2025,UNIVERSIDADE FEDERAL DO TRIÂNGULO MINEIRO
40035018001P0,"LINGÜÍSTICA, LETRAS E ARTES",LINGUíSTICA E LITERATURA,EM FUNCIONAMENTO,Curitiba,TEORIA LITERÁRIA,4,EM FUNCIONAMENTO,TEORIA LITERÁRIA,40035018001M0,EM FUNCIONAMENTO,4,40035018001D1,81220090,2006,CENTRO UNIVERSITÁRIO CAMPOS DE ANDRADE
15001016008P3,"LINGÜÍSTICA, LETRAS E ARTES",LINGUíSTICA E LITERATURA,EM FUNCIONAMENTO,Belém,LETRAS: LINGÜÍSTICA E TEORIA LITERÁRIA,6,EM FUNCIONAMENTO,Doutorado em Estudos Linguísticos e Estudos Literários,15001016008M3,EM FUNCIONAMENTO,6,15001016008D4,66075900,1987,UNIVERSIDADE FEDERAL DO PARÁ
25001019057P2,CIÊNCIAS SOCIAIS APLICADAS,"ARQUITETURA, URBANISMO E DESIGN",EM FUNCIONAMENTO,Recife,DESIGN,5,EM FUNCIONAMENTO,DESIGN,25001019057M2,EM FUNCIONAMENTO,5,25001019057D3,50670901,2003,UNIVERSIDADE FEDERAL DE PERNAMBUCO
25005014001P2,CIÊNCIAS DA SAÚDE,MEDICINA II,EM FUNCIONAMENTO,Recife,SAÚDE INTEGRAL,6,EM FUNCIONAMENTO,SAÚDE INTEGRAL,25005014001M2,EM FUNCIONAMENTO,6,25005014001D3,50070550,1993,INSTITUTO DE MEDICINA INTEGRAL PROFESSOR FERNANDO FIGUEIRA
28007018001P3,MULTIDISCIPLINAR,CIÊNCIAS AMBIENTAIS,EM FUNCIONAMENTO,Ilhéus,DESENVOLVIMENTO REGIONAL E MEIO AMBIENTE,5,EM FUNCIONAMENTO,Não,28007018001M3,,5,,45662900,1998,UNIVERSIDADE ESTADUAL DE SANTA CRUZ
28008014002P6,CIÊNCIAS DA SAÚDE,MEDICINA I,EM FUNCIONAMENTO,Salvador,MEDICINA E SAÚDE HUMANA,4,EM FUNCIONAMENTO,MEDICINA E SAÚDE HUMANA,28008014002M6,EM FUNCIONAMENTO,4,28008014002D7,40290000,2000,ESCOLA BAHIANA DE MEDICINA E SAÚDE PÚBLICA
31001017009P5,CIÊNCIAS EXATAS E DA TERRA,QUÍMICA,EM FUNCIONAMENTO,Rio de Janeiro,QUÍMICA DE PRODUTOS NATURAIS,4,EM FUNCIONAMENTO,QUÍMICA DE PRODUTOS NATURAIS,31001017009M5,EM FUNCIONAMENTO,4,31001017009D6,21941902,1964,UNIVERSIDADE FEDERAL DO RIO DE JANEIRO
31001017040P0,CIÊNCIAS DA SAÚDE,MEDICINA II,EM FUNCIONAMENTO,Rio de Janeiro,MEDICINA (ANATOMIA PATOLÓGICA),4,EM FUNCIONAMENTO,MEDICINA (ANATOMIA PATOLÓGICA),31001017040M0,EM FUNCIONAMENTO,4,31001017040D0,21941913,1978,UNIVERSIDADE FEDERAL DO RIO DE JANEIRO
31001017062P3,CIÊNCIAS SOCIAIS APLICADAS,"ADMINISTRAÇÃO PÚBLICA E DE EMPRESAS, CIÊNCIAS CONTÁBEIS E TURISMO",EM FUNCIONAMENTO,Rio de Janeiro,ADMINISTRAÇÃO,7,EM FUNCIONAMENTO,ADMINISTRAÇÃO,31001017062M3,EM FUNCIONAMENTO,7,31001017062D4,21941918,1973,UNIVERSIDADE FEDERAL DO RIO DE JANEIRO
31001017084P7,CIÊNCIAS DA SAÚDE,NUTRIÇÃO,EM FUNCIONAMENTO,Rio de Janeiro,NUTRIÇÃO,6,EM FUNCIONAMENTO,NUTRIÇÃO,31001017084M7,EM FUNCIONAMENTO,6,31001017084D8,21941902,1985,UNIVERSIDADE FEDERAL DO RIO DE JANEIRO
31001017098P8,CIÊNCIAS HUMANAS,PSICOLOGIA,EM FUNCIONAMENTO,Rio de Janeiro,PSICOLOGIA,5,EM FUNCIONAMENTO,PSICOLOGIA,31001017098M8,EM FUNCIONAMENTO,5,31001017098D9,22290340,1992,UNIVERSIDADE FEDERAL DO RIO DE JANEIRO
31001017101P9,CIÊNCIAS HUMANAS,PSICOLOGIA,EM FUNCIONAMENTO,Rio de Janeiro,PSICOSSOCIOLOGIA DE COMUNID.E ECOLOGIA SOCIAL,4,EM FUNCIONAMENTO,PSICOSSOCIOLOGIA DE COMUNIDADES E ECOLOGIA SOCIAL,31001017101M9,EM FUNCIONAMENTO,4,31001017101D0,22290240,1992,UNIVERSIDADE FEDERAL DO RIO DE JANEIRO
31001017118P9,CIÊNCIAS EXATAS E DA TERRA,ASTRONOMIA / FÍSICA,EM FUNCIONAMENTO,Rio de Janeiro,ASTRONOMIA,4,EM FUNCIONAMENTO,Astronomia,31001017118M9,EM FUNCIONAMENTO,4,31001017118D0,20080090,2003,UNIVERSIDADE FEDERAL DO RIO DE JANEIRO
31002013006P2,CIÊNCIAS AGRÁRIAS,CIÊNCIA DE ALIMENTOS,EM FUNCIONAMENTO,Seropédica,CIÊNCIA E TECNOLOGIA DE ALIMENTOS,4,EM FUNCIONAMENTO,CIENCIA E TECNOLOGIA DE ALIMENTOS,31002013006M2,EM FUNCIONAMENTO,4,31002013006D3,23890000,1976,UNIVERSIDADE FEDERAL RURAL DO RIO DE JANEIRO
42002010010P4,CIÊNCIAS AGRÁRIAS,ZOOTECNIA / RECURSOS PESQUEIROS,EM FUNCIONAMENTO,Santa Maria,ZOOTECNIA,4,EM FUNCIONAMENTO,ZOOTECNIA,42002010010M4,EM FUNCIONAMENTO,4,42002010010D5,97105900,1974,UNIVERSIDADE FEDERAL DE SANTA MARIA
42002010019P1,CIÊNCIAS EXATAS E DA TERRA,ASTRONOMIA / FÍSICA,EM FUNCIONAMENTO,Santa Maria,FÍSICA,4,EM FUNCIONAMENTO,FÍSICA,42002010019M1,EM FUNCIONAMENTO,4,42002010019D2,97105900,1994,UNIVERSIDADE FEDERAL DE SANTA MARIA
42002010026P8,CIÊNCIAS BIOLÓGICAS,BIODIVERSIDADE,EM FUNCIONAMENTO,Santa Maria,Biodiversidade Animal,6,EM FUNCIONAMENTO,Biodiversidade Animal,42002010026M8,EM FUNCIONAMENTO,6,42002010026D9,97105900,2003,UNIVERSIDADE FEDERAL DE SANTA MARIA
42003016007P6,CIÊNCIAS AGRÁRIAS,ZOOTECNIA / RECURSOS PESQUEIROS,EM FUNCIONAMENTO,Capão do Leão,ZOOTECNIA,4,EM FUNCIONAMENTO,ZOOTECNIA,42003016007M6,EM FUNCIONAMENTO,4,42003016007D7,96010900,1977,UNIVERSIDADE FEDERAL DE PELOTAS
42003016017P1,CIÊNCIAS AGRÁRIAS,CIÊNCIAS AGRÁRIAS I,EM FUNCIONAMENTO,Capão do Leão,FISIOLOGIA VEGETAL,4,EM FUNCIONAMENTO,FISIOLOGIA VEGETAL,42003016017M1,EM FUNCIONAMENTO,4,42003016017D2,96010900,1996,UNIVERSIDADE FEDERAL DE PELOTAS
42003016022P5,CIÊNCIAS BIOLÓGICAS,CIÊNCIAS BIOLÓGICAS III,EM FUNCIONAMENTO,Capão do Leão,PARASITOLOGIA,5,EM FUNCIONAMENTO,Parasitologia,42003016022M5,EM FUNCIONAMENTO,5,42003016022D6,96010900,2004,UNIVERSIDADE FEDERAL DE PELOTAS
42005019005P6,CIÊNCIAS HUMANAS,HISTÓRIA,EM FUNCIONAMENTO,Porto Alegre,HISTÓRIA,5,EM FUNCIONAMENTO,HISTÓRIA,42005019005M6,EM FUNCIONAMENTO,5,42005019005D7,90619900,1973,PONTIFÍCIA UNIVERSIDADE CATÓLICA DO RIO GRANDE DO SUL
31001017122P6,MULTIDISCIPLINAR,ENSINO,EM FUNCIONAMENTO,Rio de Janeiro,ENSINO DE MATEMÁTICA,5,EM FUNCIONAMENTO,ENSINO E HISTÓRIA DA MATEMÁTICA E DA FÍSICA,31001017122M6,EM FUNCIONAMENTO,5,31001017122D7,21941909,2006,UNIVERSIDADE FEDERAL DO RIO DE JANEIRO
33065012002P2,CIÊNCIAS SOCIAIS APLICADAS,COMUNICAÇÃO E INFORMAÇÃO E MUSEOLOGIA,EM FUNCIONAMENTO,Sorocaba,COMUNICAÇÃO E CULTURA,4,EM FUNCIONAMENTO,COMUNICAÇÃO E CULTURA,33065012002M2,EM FUNCIONAMENTO,4,33065012002D3,18023000,2006,UNIVERSIDADE DE SOROCABA
31032010003P2,ENGENHARIAS,ENGENHARIAS III,EM DESATIVACAO,Campos dos Goytacazes,PESQUISA OPERACIONAL E INTELIGÊNCIA COMPUTACIONAL,3,EM DESATIVACAO,Não,31032010003F5,,3,,28030335,2006,UNIVERSIDADE CÂNDIDO MENDES
41002016013P7,CIÊNCIAS HUMANAS,HISTÓRIA,EM FUNCIONAMENTO,Florianópolis,HISTÓRIA,5,EM FUNCIONAMENTO,História,41002016013M7,EM FUNCIONAMENTO,5,41002016013D8,88035001,2007,UNIVERSIDADE DO ESTADO DE SANTA CATARINA
41002016014P3,"LINGÜÍSTICA, LETRAS E ARTES",ARTES,EM FUNCIONAMENTO,Florianópolis,MÚSICA,5,EM FUNCIONAMENTO,MÚSICA,41002016014M3,EM FUNCIONAMENTO,5,41002016014D4,88035001,2007,UNIVERSIDADE DO ESTADO DE SANTA CATARINA
52001016039P0,ENGENHARIAS,ENGENHARIAS I,EM FUNCIONAMENTO,Goiânia,"GEOTECNIA, ESTRUTURAS E CONSTRUÇÃO CIVIL",4,EM FUNCIONAMENTO,"GEOTECNIA, ESTRUTURAS E CONSTRUÇÃO CIVIL",52001016039M0,EM FUNCIONAMENTO,4,52001016039D1,74605220,2007,UNIVERSIDADE FEDERAL DE GOIÁS
32014015003P0,MULTIDISCIPLINAR,INTERDISCIPLINAR,EM FUNCIONAMENTO,Montes Claros,CUIDADO PRIMÁRIO EM SAÚDE,5,EM FUNCIONAMENTO,PROGRAMA DE PÓS GRADUAÇÃO EM CUIDADO PRIMÁRIO EM SAÚDE - PPGCPS,32014015003F3,EM FUNCIONAMENTO,5,32014015003R7,39401089,2007,UNIVERSIDADE ESTADUAL DE MONTES CLAROS
32001010074P4,MULTIDISCIPLINAR,INTERDISCIPLINAR,EM FUNCIONAMENTO,Belo Horizonte,AMBIENTE CONSTRUÍDO E PATRIMÔNIO SUSTENTÁVEL,4,EM FUNCIONAMENTO,AMBIENTE CONSTRUÍDO E PATRIMÔNIO SUSTENTÁVEL,32001010074M4,EM FUNCIONAMENTO,4,32001010074D5,30130140,2007,UNIVERSIDADE FEDERAL DE MINAS GERAIS
32005016021P3,CIÊNCIAS DA SAÚDE,SAÚDE COLETIVA,EM FUNCIONAMENTO,Juiz de Fora,SAÚDE COLETIVA,4,EM FUNCIONAMENTO,SAÚDE COLETIVA,32005016021M3,EM FUNCIONAMENTO,4,32005016021D4,36036330,2007,UNIVERSIDADE FEDERAL DE JUIZ DE FORA
15001016052P2,CIÊNCIAS BIOLÓGICAS,BIODIVERSIDADE,EM FUNCIONAMENTO,Belém,ECOLOGIA AQUÁTICA E PESCA,5,EM FUNCIONAMENTO,ECOLOGIA AQUÁTICA E PESCA,15001016052M2,EM FUNCIONAMENTO,5,15001016052D3,66075110,2007,UNIVERSIDADE FEDERAL DO PARÁ
50001019017P1,CIÊNCIAS AGRÁRIAS,MEDICINA VETERINÁRIA,EM FUNCIONAMENTO,Cuiabá,CIÊNCIAS VETERINÁRIAS,5,EM FUNCIONAMENTO,Ciências veterinárias,50001019017M1,EM FUNCIONAMENTO,5,50001019017D2,78060900,2007,UNIVERSIDADE FEDERAL DE MATO GROSSO
25003011020P4,CIÊNCIAS EXATAS E DA TERRA,QUÍMICA,EM FUNCIONAMENTO,Recife,QUIMICA,4,EM FUNCIONAMENTO,QUÍMICA,25003011020M4,EM FUNCIONAMENTO,4,25003011020D5,52171900,2007,UNIVERSIDADE FEDERAL RURAL DE PERNAMBUCO
41001010064P8,CIÊNCIAS SOCIAIS APLICADAS,"ARQUITETURA, URBANISMO E DESIGN",EM FUNCIONAMENTO,Florianópolis,DESIGN,6,EM FUNCIONAMENTO,DESIGN,41001010064M8,EM FUNCIONAMENTO,6,41001010064D9,88040900,2007,UNIVERSIDADE FEDERAL DE SANTA CATARINA
40015017009P8,CIÊNCIAS AGRÁRIAS,ZOOTECNIA / RECURSOS PESQUEIROS,EM FUNCIONAMENTO,Marechal Cândido Rondon,ZOOTECNIA,4,EM FUNCIONAMENTO,ZOOTECNIA,40015017009M8,EM FUNCIONAMENTO,4,40015017009D9,85960000,2007,UNIVERSIDADE TECNOLÓGICA FEDERAL DO PARANÁ
40005011011P0,CIÊNCIAS BIOLÓGICAS,BIODIVERSIDADE,EM FUNCIONAMENTO,Guarapuava,CIÊNCIAS BIOLÓGICAS,4,EM FUNCIONAMENTO,BIOLOGIA EVOLUTIVA,40005011011M0,EM FUNCIONAMENTO,4,40005011011D1,85015430,2007,UNIVERSIDADE ESTADUAL DE PONTA GROSSA
42001013094P3,CIÊNCIAS DA SAÚDE,SAÚDE COLETIVA,EM FUNCIONAMENTO,Porto Alegre,GESTÃO DE TECNOLOGIA EM SAÚDE,5,EM FUNCIONAMENTO,Não,42001013094F6,,5,,90035003,2007,UNIVERSIDADE FEDERAL DO RIO GRANDE DO SUL
40015017010P6,CIÊNCIAS HUMANAS,GEOGRAFIA,EM FUNCIONAMENTO,Francisco Beltrão,GEOGRAFIA,5,EM FUNCIONAMENTO,GEOGRAFIA,40015017010M6,EM FUNCIONAMENTO,5,40015017010D7,85605010,2007,UNIVERSIDADE ESTADUAL DO OESTE DO PARANÁ
25004018072P0,MULTIDISCIPLINAR,CIÊNCIAS AMBIENTAIS,EM FUNCIONAMENTO,Petrolina,Ciência e Tecnologia Ambiental,4,EM FUNCIONAMENTO,CIÊNCIA E TECNOLOGIA AMBIENTAL,25004018072M0,EM FUNCIONAMENTO,4,25004018072D1,56328900,2017,UNIVERSIDADE DE PERNAMBUCO
33009015181P9,CIÊNCIAS HUMANAS,CIÊNCIA POLÍTICA E RELAÇÕES INTERNACIONAIS,EM FUNCIONAMENTO,São Paulo,RELAÇÕES INTERNACIONAIS: ESTUDOS DO SUL GLOBAL,A,EM FUNCIONAMENTO,Não,33009015181M9,,A,,04021001,2025,UNIVERSIDADE FEDERAL DE SÃO PAULO
15001016039P6,CIÊNCIAS DA SAÚDE,ODONTOLOGIA,EM FUNCIONAMENTO,Belém,ODONTOLOGIA,4,EM FUNCIONAMENTO,ODONTOLOGIA,15001016039M6,EM FUNCIONAMENTO,4,15001016039D7,66075110,2003,UNIVERSIDADE FEDERAL DO PARÁ
24001015027P3,CIÊNCIAS SOCIAIS APLICADAS,ECONOMIA,EM FUNCIONAMENTO,João Pessoa,ECONOMIA,5,EM FUNCIONAMENTO,Economia,24001015027M3,EM FUNCIONAMENTO,5,24001015027D4,58051900,1980,UNIVERSIDADE FEDERAL DA PARAÍBA - CAMPUS JOÃO PESSOA
24001015037P9,CIÊNCIAS SOCIAIS APLICADAS,DIREITO,EM FUNCIONAMENTO,João Pessoa,CIÊNCIAS JURÍDICAS,4,EM FUNCIONAMENTO,CIÊNCIAS JURÍDICAS,24001015037M9,EM FUNCIONAMENTO,4,24001015037D0,58051900,1996,UNIVERSIDADE FEDERAL DA PARAÍBA - CAMPUS JOÃO PESSOA
26001012011P5,CIÊNCIAS HUMANAS,EDUCAÇÃO,EM FUNCIONAMENTO,Maceió,EDUCAÇÃO,3,EM FUNCIONAMENTO,Educação,26001012011M5,EM DESATIVACAO,3,26001012011D6,57072900,2001,UNIVERSIDADE FEDERAL DE ALAGOAS
30001013010P0,CIÊNCIAS DA SAÚDE,MEDICINA II,EM FUNCIONAMENTO,Vitória,DOENÇAS INFECCIOSAS,5,EM FUNCIONAMENTO,DOENÇAS INFECCIOSAS,30001013010M0,EM FUNCIONAMENTO,5,30001013010D1,29047105,1996,UNIVERSIDADE FEDERAL DO ESPÍRITO SANTO
33020019001P7,CIÊNCIAS SOCIAIS APLICADAS,DIREITO,EM FUNCIONAMENTO,Santos,DIREITO,4,EM FUNCIONAMENTO,Direito,33020019001M7,EM FUNCIONAMENTO,4,33020019001D8,11015002,1999,UNIVERSIDADE CATÓLICA DE SANTOS
33117012001P7,CIÊNCIAS DA SAÚDE,ODONTOLOGIA,EM FUNCIONAMENTO,Guarulhos,ODONTOLOGIA,6,EM FUNCIONAMENTO,Odontologia,33117012001M7,EM FUNCIONAMENTO,6,33117012001D8,07023070,2003,UNIVERSIDADE UNIVERSUS VERITAS GUARULHOS
33117012002P3,CIÊNCIAS DA SAÚDE,ENFERMAGEM,EM FUNCIONAMENTO,Guarulhos,ENFERMAGEM,4,EM FUNCIONAMENTO,ENFERMAGEM,33117012002M3,EM FUNCIONAMENTO,4,33117012002D4,07023070,2004,UNIVERSIDADE UNIVERSUS VERITAS GUARULHOS
40001016003P2,CIÊNCIAS BIOLÓGICAS,CIÊNCIAS BIOLÓGICAS II,EM FUNCIONAMENTO,Curitiba,CIÊNCIAS (BIOQUÍMICA),7,EM FUNCIONAMENTO,CIÊNCIAS (BIOQUÍMICA),40001016003M2,EM FUNCIONAMENTO,7,40001016003D3,80531990,1965,UNIVERSIDADE FEDERAL DO PARANÁ
